ticker,year,value,source,source_url,retrieved,note
A,2025,1.5492,SEC XBRL companyfacts,https://data.sec.gov/api/xbrl/companyfacts/CIK0001090872.json,2026-09-12,"6y window ending 2025, mean_growth=0.0570"
AAPL,2025,1.4989,SEC XBRL companyfacts,https://data.sec.gov/api/xbrl/companyfacts/CIK0000320193.json,2026-09-12,"6y window ending 2025, mean_growth=0.0934"
ABBV,2025,1.6687,SEC XBRL companyfacts,https://data.sec.gov/api/xbrl/companyfacts/CIK0001551152.json,2026-09-12,"6y window ending 2025, mean_growth=0.0637"
ABT,2025,2.123,SEC XBRL companyfacts,https://data.sec.gov/api/xbrl/companyfacts/CIK0000001800.json,2026-09-12,"6y window ending 2025, mean_growth=0.0559"
ACGL,2025,0.6241,SEC XBRL companyfacts,https://data.sec.gov/api/xbrl/companyfacts/CIK0000947484.json,2026-09-12,"6y window ending 2025, mean_growth=0.2429"
ACN,2025,0.8551,SEC XBRL companyfacts,https://data.sec.gov/api/xbrl/companyfacts/CIK0001467373.json,2026-09-12,"6y window ending 2025, mean_growth=0.0971"
ADBE,2025,0.406,SEC XBRL companyfacts,https://data.sec.gov/api/xbrl/companyfacts/CIK0000796343.json,2026-09-12,"6y window ending 2025, mean_growth=0.1315"
ADI,2025,1.7962,SEC XBRL companyfacts,https://data.sec.gov/api/xbrl/companyfacts/CIK0000006281.json,2026-09-12,"6y window ending 2025, mean_growth=0.1814"
ADM,2025,3.2563,SEC XBRL companyfacts,https://data.sec.gov/api/xbrl/companyfacts/CIK0000007084.json,2026-09-12,"6y window ending 2025, mean_growth=0.0580"
ADP,2026,0.195,SEC XBRL companyfacts,https://data.sec.gov/api/xbrl/companyfacts/CIK0000008670.json,2026-09-12,"6y window ending 2026, mean_growth=0.0791"
ADSK,2026,0.2261,SEC XBRL companyfacts,https://data.sec.gov/api/xbrl/companyfacts/CIK0000769397.json,2026-09-12,"6y window ending 2026, mean_growth=0.1374"
AEE,2025,1.629,SEC XBRL companyfacts,https://data.sec.gov/api/xbrl/companyfacts/CIK0001002910.json,2026-09-12,"6y window ending 2025, mean_growth=0.0748"
AEP,2025,0.974,SEC XBRL companyfacts,https://data.sec.gov/api/xbrl/companyfacts/CIK0000004904.json,2026-09-12,"6y window ending 2025, mean_growth=0.0820"
AES,2025,1.6667,SEC XBRL companyfacts,https://data.sec.gov/api/xbrl/companyfacts/CIK0000874761.json,2026-09-12,"6y window ending 2025, mean_growth=0.0511"
AFL,2025,1.1651,SEC XBRL companyfacts,https://data.sec.gov/api/xbrl/companyfacts/CIK0000004977.json,2026-09-12,"6y window ending 2025, mean_growth=-0.0484"
AIG,2025,3.5789,SEC XBRL companyfacts,https://data.sec.gov/api/xbrl/companyfacts/CIK0000005272.json,2026-09-12,"6y window ending 2025, mean_growth=-0.0663"
AIZ,2025,0.8448,SEC XBRL companyfacts,https://data.sec.gov/api/xbrl/companyfacts/CIK0001267238.json,2026-09-12,"6y window ending 2025, mean_growth=0.0495"
AJG,2025,0.4273,SEC XBRL companyfacts,https://data.sec.gov/api/xbrl/companyfacts/CIK0000354190.json,2026-09-12,"6y window ending 2025, mean_growth=0.1491"
AKAM,2017,0.5667,SEC XBRL companyfacts,https://data.sec.gov/api/xbrl/companyfacts/CIK0001086222.json,2026-09-12,"6y window ending 2017, mean_growth=0.1293"
ALB,2025,3.3022,SEC XBRL companyfacts,https://data.sec.gov/api/xbrl/companyfacts/CIK0000915913.json,2026-09-12,"6y window ending 2025, mean_growth=0.2081"
ALGN,2025,2.1512,SEC XBRL companyfacts,https://data.sec.gov/api/xbrl/companyfacts/CIK0001097149.json,2026-09-12,"6y window ending 2025, mean_growth=0.1245"
ALL,2025,0.5635,SEC XBRL companyfacts,https://data.sec.gov/api/xbrl/companyfacts/CIK0000899051.json,2026-09-12,"6y window ending 2025, mean_growth=0.0870"
ALLE,2025,0.5212,SEC XBRL companyfacts,https://data.sec.gov/api/xbrl/companyfacts/CIK0001579241.json,2026-09-12,"6y window ending 2025, mean_growth=0.0845"
AMAT,2025,1.2033,SEC XBRL companyfacts,https://data.sec.gov/api/xbrl/companyfacts/CIK0000006951.json,2026-09-12,"6y window ending 2025, mean_growth=0.1112"
AMCR,2026,2.0434,SEC XBRL companyfacts,https://data.sec.gov/api/xbrl/companyfacts/CIK0001748790.json,2026-09-12,"6y window ending 2026, mean_growth=0.1586"
AMD,2025,0.8892,SEC XBRL companyfacts,https://data.sec.gov/api/xbrl/companyfacts/CIK0000002488.json,2026-09-12,"6y window ending 2025, mean_growth=0.3121"
AME,2025,1.7635,SEC XBRL companyfacts,https://data.sec.gov/api/xbrl/companyfacts/CIK0001037868.json,2026-09-12,"6y window ending 2025, mean_growth=0.1509"
AMGN,2025,0.8914,SEC XBRL companyfacts,https://data.sec.gov/api/xbrl/companyfacts/CIK0000318154.json,2026-09-12,"6y window ending 2025, mean_growth=0.0782"
AMP,2025,0.3397,SEC XBRL companyfacts,https://data.sec.gov/api/xbrl/companyfacts/CIK0000820027.json,2026-09-12,"6y window ending 2025, mean_growth=0.0964"
AMT,2025,1.6452,SEC XBRL companyfacts,https://data.sec.gov/api/xbrl/companyfacts/CIK0001053507.json,2026-09-12,"6y window ending 2025, mean_growth=0.0617"
AMZN,2025,0.3657,SEC XBRL companyfacts,https://data.sec.gov/api/xbrl/companyfacts/CIK0001018724.json,2026-09-12,"6y window ending 2025, mean_growth=0.1326"
ANET,2025,0.3433,SEC XBRL companyfacts,https://data.sec.gov/api/xbrl/companyfacts/CIK0001596532.json,2026-09-12,"6y window ending 2025, mean_growth=0.3154"
AON,2025,0.5852,SEC XBRL companyfacts,https://data.sec.gov/api/xbrl/companyfacts/CIK0000315293.json,2026-09-12,"6y window ending 2025, mean_growth=0.0930"
AOS,2025,1.8499,SEC XBRL companyfacts,https://data.sec.gov/api/xbrl/companyfacts/CIK0000091142.json,2026-09-12,"6y window ending 2025, mean_growth=0.0542"
APD,2025,1.7623,SEC XBRL companyfacts,https://data.sec.gov/api/xbrl/companyfacts/CIK0000002969.json,2026-09-12,"6y window ending 2025, mean_growth=0.0686"
APH,2025,0.8257,SEC XBRL companyfacts,https://data.sec.gov/api/xbrl/companyfacts/CIK0000820313.json,2026-09-12,"6y window ending 2025, mean_growth=0.2299"
APTV,2025,0.895,SEC XBRL companyfacts,https://data.sec.gov/api/xbrl/companyfacts/CIK0001521332.json,2026-09-12,"6y window ending 2025, mean_growth=0.0959"
ARES,2025,0.3813,SEC XBRL companyfacts,https://data.sec.gov/api/xbrl/companyfacts/CIK0001176948.json,2026-09-12,"6y window ending 2025, mean_growth=0.2232"
ATO,2025,1.0152,SEC XBRL companyfacts,https://data.sec.gov/api/xbrl/companyfacts/CIK0000731802.json,2026-09-12,"6y window ending 2025, mean_growth=0.1123"
AVGO,2025,0.6081,SEC XBRL companyfacts,https://data.sec.gov/api/xbrl/companyfacts/CIK0001730168.json,2026-09-12,"6y window ending 2025, mean_growth=0.2232"
AVY,2025,1.9357,SEC XBRL companyfacts,https://data.sec.gov/api/xbrl/companyfacts/CIK0000008818.json,2026-09-12,"6y window ending 2025, mean_growth=0.0529"
AWK,2025,0.9806,SEC XBRL companyfacts,https://data.sec.gov/api/xbrl/companyfacts/CIK0001410636.json,2026-09-12,"6y window ending 2025, mean_growth=0.0663"
AXON,2025,0.1227,SEC XBRL companyfacts,https://data.sec.gov/api/xbrl/companyfacts/CIK0001069183.json,2026-09-12,"6y window ending 2025, mean_growth=0.3253"
AXP,2025,0.738,SEC XBRL companyfacts,https://data.sec.gov/api/xbrl/companyfacts/CIK0000004962.json,2026-09-12,"6y window ending 2025, mean_growth=0.1381"
AZO,2025,0.6003,SEC XBRL companyfacts,https://data.sec.gov/api/xbrl/companyfacts/CIK0000866787.json,2026-09-12,"6y window ending 2025, mean_growth=0.0853"
BA,2025,1.7485,SEC XBRL companyfacts,https://data.sec.gov/api/xbrl/companyfacts/CIK0000012927.json,2026-09-12,"6y window ending 2025, mean_growth=0.1017"
BAC,2025,0.5474,SEC XBRL companyfacts,https://data.sec.gov/api/xbrl/companyfacts/CIK0000070858.json,2026-09-12,"6y window ending 2025, mean_growth=0.0578"
BALL,2017,2.2526,SEC XBRL companyfacts,https://data.sec.gov/api/xbrl/companyfacts/CIK0000009389.json,2026-09-12,"6y window ending 2017, mean_growth=0.0519"
BAX,2025,27.0614,SEC XBRL companyfacts,https://data.sec.gov/api/xbrl/companyfacts/CIK0000010456.json,2026-09-12,"6y window ending 2025, mean_growth=0.0065"
BBY,2026,3.412,SEC XBRL companyfacts,https://data.sec.gov/api/xbrl/companyfacts/CIK0000764478.json,2026-09-12,"6y window ending 2026, mean_growth=-0.0224"
BDX,2025,1.7167,SEC XBRL companyfacts,https://data.sec.gov/api/xbrl/companyfacts/CIK0000010795.json,2026-09-12,"6y window ending 2025, mean_growth=0.0531"
BEN,2025,2.0589,SEC XBRL companyfacts,https://data.sec.gov/api/xbrl/companyfacts/CIK0000038777.json,2026-09-12,"6y window ending 2025, mean_growth=0.1118"
BF.B,2026,2.7244,SEC XBRL companyfacts,https://data.sec.gov/api/xbrl/companyfacts/CIK0000014693.json,2026-09-12,"6y window ending 2026, mean_growth=0.0278"
BIIB,2025,1.3832,SEC XBRL companyfacts,https://data.sec.gov/api/xbrl/companyfacts/CIK0000875045.json,2026-09-12,"6y window ending 2025, mean_growth=-0.0568"
BKNG,2025,0.7116,SEC XBRL companyfacts,https://data.sec.gov/api/xbrl/companyfacts/CIK0001075531.json,2026-09-12,"6y window ending 2025, mean_growth=0.3334"
BKR,2025,1.414,SEC XBRL companyfacts,https://data.sec.gov/api/xbrl/companyfacts/CIK0001701605.json,2026-09-12,"6y window ending 2025, mean_growth=0.0631"
BLDR,2025,2.8618,SEC XBRL companyfacts,https://data.sec.gov/api/xbrl/companyfacts/CIK0001316835.json,2026-09-12,"6y window ending 2025, mean_growth=0.2209"
BMY,2025,1.9661,SEC XBRL companyfacts,https://data.sec.gov/api/xbrl/companyfacts/CIK0000014272.json,2026-09-12,"6y window ending 2025, mean_growth=0.0264"
BNY,2025,0.6092,SEC XBRL companyfacts,https://data.sec.gov/api/xbrl/companyfacts/CIK0001390777.json,2026-09-12,"6y window ending 2025, mean_growth=0.0494"
BR,2026,0.4082,SEC XBRL companyfacts,https://data.sec.gov/api/xbrl/companyfacts/CIK0001383312.json,2026-09-12,"6y window ending 2026, mean_growth=0.0845"
BRK.B,2025,0.9399,SEC XBRL companyfacts,https://data.sec.gov/api/xbrl/companyfacts/CIK0001067983.json,2026-09-12,"6y window ending 2025, mean_growth=0.0889"
BRO,2025,0.205,SEC XBRL companyfacts,https://data.sec.gov/api/xbrl/companyfacts/CIK0000079282.json,2026-09-12,"6y window ending 2025, mean_growth=0.1774"
BSX,2025,0.3747,SEC XBRL companyfacts,https://data.sec.gov/api/xbrl/companyfacts/CIK0000885725.json,2026-09-12,"6y window ending 2025, mean_growth=0.1527"
BX,2025,2.3243,SEC XBRL companyfacts,https://data.sec.gov/api/xbrl/companyfacts/CIK0001393818.json,2026-09-12,"6y window ending 2025, mean_growth=0.5521"
BXP,2025,0.4174,SEC XBRL companyfacts,https://data.sec.gov/api/xbrl/companyfacts/CIK0001037540.json,2026-09-12,"6y window ending 2025, mean_growth=0.0473"
C,2025,1.2214,SEC XBRL companyfacts,https://data.sec.gov/api/xbrl/companyfacts/CIK0000831001.json,2026-09-12,"6y window ending 2025, mean_growth=0.0283"
CAH,2026,0.684,SEC XBRL companyfacts,https://data.sec.gov/api/xbrl/companyfacts/CIK0000721371.json,2026-09-12,"6y window ending 2026, mean_growth=0.0953"
CARR,2025,1.8035,SEC XBRL companyfacts,https://data.sec.gov/api/xbrl/companyfacts/CIK0001783180.json,2026-09-12,"6y window ending 2025, mean_growth=0.0477"
CASY,2026,1.1892,SEC XBRL companyfacts,https://data.sec.gov/api/xbrl/companyfacts/CIK0000726958.json,2026-09-12,"6y window ending 2026, mean_growth=0.1624"
CAT,2025,0.9621,SEC XBRL companyfacts,https://data.sec.gov/api/xbrl/companyfacts/CIK0000018230.json,2026-09-12,"6y window ending 2025, mean_growth=0.1049"
CB,2025,0.4151,SEC XBRL companyfacts,https://data.sec.gov/api/xbrl/companyfacts/CIK0000896159.json,2026-09-12,"6y window ending 2025, mean_growth=0.1061"
CBOE,2017,1.9644,SEC XBRL companyfacts,https://data.sec.gov/api/xbrl/companyfacts/CIK0001374310.json,2026-09-12,"6y window ending 2017, mean_growth=0.5304"
CBRE,2025,0.4197,SEC XBRL companyfacts,https://data.sec.gov/api/xbrl/companyfacts/CIK0001138118.json,2026-09-12,"6y window ending 2025, mean_growth=0.1130"
CCI,2025,4.1056,SEC XBRL companyfacts,https://data.sec.gov/api/xbrl/companyfacts/CIK0001051470.json,2026-09-12,"6y window ending 2025, mean_growth=-0.0446"
CCL,2025,2.1179,SEC XBRL companyfacts,https://data.sec.gov/api/xbrl/companyfacts/CIK0000815097.json,2026-09-12,"6y window ending 2025, mean_growth=1.1431"
CDNS,2025,0.1966,SEC XBRL companyfacts,https://data.sec.gov/api/xbrl/companyfacts/CIK0000813672.json,2026-09-12,"6y window ending 2025, mean_growth=0.1460"
CDW,2025,2.3287,SEC XBRL companyfacts,https://data.sec.gov/api/xbrl/companyfacts/CIK0001402057.json,2026-09-12,"6y window ending 2025, mean_growth=0.0437"
CF,2025,2.3866,SEC XBRL companyfacts,https://data.sec.gov/api/xbrl/companyfacts/CIK0001324404.json,2026-09-12,"6y window ending 2025, mean_growth=0.1955"
CFG,2025,2.5714,SEC XBRL companyfacts,https://data.sec.gov/api/xbrl/companyfacts/CIK0000759944.json,2026-09-12,"6y window ending 2025, mean_growth=0.0401"
CHD,2025,0.5875,SEC XBRL companyfacts,https://data.sec.gov/api/xbrl/companyfacts/CIK0000313927.json,2026-09-12,"6y window ending 2025, mean_growth=0.0488"
CHRW,2025,10.027,SEC XBRL companyfacts,https://data.sec.gov/api/xbrl/companyfacts/CIK0001043277.json,2026-09-12,"6y window ending 2025, mean_growth=0.0260"
CHTR,2025,1.2191,SEC XBRL companyfacts,https://data.sec.gov/api/xbrl/companyfacts/CIK0001091667.json,2026-09-12,"6y window ending 2025, mean_growth=0.0268"
CI,2025,0.7533,SEC XBRL companyfacts,https://data.sec.gov/api/xbrl/companyfacts/CIK0001739940.json,2026-09-12,"6y window ending 2025, mean_growth=0.1164"
CIEN,2025,1.8533,SEC XBRL companyfacts,https://data.sec.gov/api/xbrl/companyfacts/CIK0000936395.json,2026-09-12,"6y window ending 2025, mean_growth=0.0678"
CINF,2025,2.1051,SEC XBRL companyfacts,https://data.sec.gov/api/xbrl/companyfacts/CIK0000020286.json,2026-09-12,"6y window ending 2025, mean_growth=0.1464"
CL,2025,0.6128,SEC XBRL companyfacts,https://data.sec.gov/api/xbrl/companyfacts/CIK0000021665.json,2026-09-12,"6y window ending 2025, mean_growth=0.0438"
CLX,2025,2.3813,SEC XBRL companyfacts,https://data.sec.gov/api/xbrl/companyfacts/CIK0000021076.json,2026-09-12,"6y window ending 2025, mean_growth=0.0323"
CMCSA,2025,1.3853,SEC XBRL companyfacts,https://data.sec.gov/api/xbrl/companyfacts/CIK0001166691.json,2026-09-12,"6y window ending 2025, mean_growth=0.0372"
CME,2025,0.9785,SEC XBRL companyfacts,https://data.sec.gov/api/xbrl/companyfacts/CIK0001156375.json,2026-09-12,"6y window ending 2025, mean_growth=0.0609"
CMG,2025,0.4912,SEC XBRL companyfacts,https://data.sec.gov/api/xbrl/companyfacts/CIK0001058090.json,2026-09-12,"6y window ending 2025, mean_growth=0.1497"
CMI,2025,0.9715,SEC XBRL companyfacts,https://data.sec.gov/api/xbrl/companyfacts/CIK0000026172.json,2026-09-12,"6y window ending 2025, mean_growth=0.1166"
CMS,2025,2.1665,SEC XBRL companyfacts,https://data.sec.gov/api/xbrl/companyfacts/CIK0000811156.json,2026-09-12,"6y window ending 2025, mean_growth=0.0563"
CNC,2025,0.4787,SEC XBRL companyfacts,https://data.sec.gov/api/xbrl/companyfacts/CIK0001071739.json,2026-09-12,"6y window ending 2025, mean_growth=0.1200"
CNP,2025,1.665,SEC XBRL companyfacts,https://data.sec.gov/api/xbrl/companyfacts/CIK0001130310.json,2026-09-12,"6y window ending 2025, mean_growth=0.0503"
COF,2025,0.9295,SEC XBRL companyfacts,https://data.sec.gov/api/xbrl/companyfacts/CIK0000927628.json,2026-09-12,"6y window ending 2025, mean_growth=0.1392"
COHR,2026,1.201,SEC XBRL companyfacts,https://data.sec.gov/api/xbrl/companyfacts/CIK0000820318.json,2026-09-12,"6y window ending 2026, mean_growth=0.1991"
COO,2025,0.5284,SEC XBRL companyfacts,https://data.sec.gov/api/xbrl/companyfacts/CIK0000711404.json,2026-09-12,"6y window ending 2025, mean_growth=0.1110"
COP,2025,1.8761,SEC XBRL companyfacts,https://data.sec.gov/api/xbrl/companyfacts/CIK0001163165.json,2026-09-12,"6y window ending 2025, mean_growth=0.3803"
COR,2025,0.1305,SEC XBRL companyfacts,https://data.sec.gov/api/xbrl/companyfacts/CIK0001140859.json,2026-09-12,"6y window ending 2025, mean_growth=0.1110"
COST,2025,0.5282,SEC XBRL companyfacts,https://data.sec.gov/api/xbrl/companyfacts/CIK0000909832.json,2026-09-12,"6y window ending 2025, mean_growth=0.1065"
CPAY,2025,0.4531,SEC XBRL companyfacts,https://data.sec.gov/api/xbrl/companyfacts/CIK0001175454.json,2026-09-12,"6y window ending 2025, mean_growth=0.1378"
CPRT,2018,0.7902,SEC XBRL companyfacts,https://data.sec.gov/api/xbrl/companyfacts/CIK0000900075.json,2026-09-12,"6y window ending 2018, mean_growth=0.1185"
CPT,2025,3.448,SEC XBRL companyfacts,https://data.sec.gov/api/xbrl/companyfacts/CIK0000906345.json,2026-09-12,"6y window ending 2025, mean_growth=0.2036"
CRL,2025,1.4092,SEC XBRL companyfacts,https://data.sec.gov/api/xbrl/companyfacts/CIK0001100682.json,2026-09-12,"6y window ending 2025, mean_growth=0.0689"
CRM,2025,0.6475,SEC XBRL companyfacts,https://data.sec.gov/api/xbrl/companyfacts/CIK0001108524.json,2026-09-12,"6y window ending 2025, mean_growth=0.1466"
CSCO,2026,1.3561,SEC XBRL companyfacts,https://data.sec.gov/api/xbrl/companyfacts/CIK0000858877.json,2026-09-12,"6y window ending 2026, mean_growth=0.0510"
CSGP,2025,0.2272,SEC XBRL companyfacts,https://data.sec.gov/api/xbrl/companyfacts/CIK0001057352.json,2026-09-12,"6y window ending 2025, mean_growth=0.1441"
CSX,2025,1.7483,SEC XBRL companyfacts,https://data.sec.gov/api/xbrl/companyfacts/CIK0000277948.json,2026-09-12,"6y window ending 2025, mean_growth=0.0635"
CTAS,2026,0.1796,SEC XBRL companyfacts,https://data.sec.gov/api/xbrl/companyfacts/CIK0000723254.json,2026-09-12,"6y window ending 2026, mean_growth=0.0963"
CTSH,2025,0.9046,SEC XBRL companyfacts,https://data.sec.gov/api/xbrl/companyfacts/CIK0001058290.json,2026-09-12,"6y window ending 2025, mean_growth=0.0493"
CTVA,2025,1.4649,SEC XBRL companyfacts,https://data.sec.gov/api/xbrl/companyfacts/CIK0001755672.json,2026-09-12,"6y window ending 2025, mean_growth=0.0427"
CVNA,2025,1.5013,SEC XBRL companyfacts,https://data.sec.gov/api/xbrl/companyfacts/CIK0001690820.json,2026-09-12,"6y window ending 2025, mean_growth=0.3806"
CVS,2025,0.317,SEC XBRL companyfacts,https://data.sec.gov/api/xbrl/companyfacts/CIK0000064803.json,2026-09-12,"6y window ending 2025, mean_growth=0.0842"
CVX,2025,1.9928,SEC XBRL companyfacts,https://data.sec.gov/api/xbrl/companyfacts/CIK0000093410.json,2026-09-12,"6y window ending 2025, mean_growth=0.1978"
D,2025,3.7897,SEC XBRL companyfacts,https://data.sec.gov/api/xbrl/companyfacts/CIK0000715957.json,2026-09-12,"6y window ending 2025, mean_growth=0.0399"
DAL,2025,1.0562,SEC XBRL companyfacts,https://data.sec.gov/api/xbrl/companyfacts/CIK0000027904.json,2026-09-12,"6y window ending 2025, mean_growth=0.3356"
DASH,2025,0.4873,SEC XBRL companyfacts,https://data.sec.gov/api/xbrl/companyfacts/CIK0001792789.json,2026-09-12,"6y window ending 2025, mean_growth=0.3746"
DD,2025,0.9943,SEC XBRL companyfacts,https://data.sec.gov/api/xbrl/companyfacts/CIK0001666700.json,2026-09-12,"6y window ending 2025, mean_growth=-0.1791"
DDOG,2025,0.5118,SEC XBRL companyfacts,https://data.sec.gov/api/xbrl/companyfacts/CIK0001561550.json,2026-09-12,"6y window ending 2025, mean_growth=0.4283"
DE,2025,2.8576,SEC XBRL companyfacts,https://data.sec.gov/api/xbrl/companyfacts/CIK0000315189.json,2026-09-12,"6y window ending 2025, mean_growth=0.0651"
DECK,2026,0.3048,SEC XBRL companyfacts,https://data.sec.gov/api/xbrl/companyfacts/CIK0000910521.json,2026-09-12,"6y window ending 2026, mean_growth=0.1663"
DELL,2026,2.7215,SEC XBRL companyfacts,https://data.sec.gov/api/xbrl/companyfacts/CIK0001571996.json,2026-09-12,"6y window ending 2026, mean_growth=0.0436"
DG,2025,0.7375,SEC XBRL companyfacts,https://data.sec.gov/api/xbrl/companyfacts/CIK0000029534.json,2026-09-12,"6y window ending 2025, mean_growth=0.0488"
DGX,2025,2.8922,SEC XBRL companyfacts,https://data.sec.gov/api/xbrl/companyfacts/CIK0001022079.json,2026-09-12,"6y window ending 2025, mean_growth=0.0360"
DHI,2025,1.4107,SEC XBRL companyfacts,https://data.sec.gov/api/xbrl/companyfacts/CIK0000882184.json,2026-09-12,"6y window ending 2025, mean_growth=0.1201"
DHR,2025,5.6394,SEC XBRL companyfacts,https://data.sec.gov/api/xbrl/companyfacts/CIK0000313616.json,2026-09-12,"6y window ending 2025, mean_growth=0.0355"
DIS,2025,1.0792,SEC XBRL companyfacts,https://data.sec.gov/api/xbrl/companyfacts/CIK0001744489.json,2026-09-12,"6y window ending 2025, mean_growth=0.0788"
DLR,2025,0.6345,SEC XBRL companyfacts,https://data.sec.gov/api/xbrl/companyfacts/CIK0001297996.json,2026-09-12,"6y window ending 2025, mean_growth=0.0952"
DLTR,2025,8.449,SEC XBRL companyfacts,https://data.sec.gov/api/xbrl/companyfacts/CIK0000935703.json,2026-09-12,"6y window ending 2025, mean_growth=-0.0266"
DOC,2025,0.6865,SEC XBRL companyfacts,https://data.sec.gov/api/xbrl/companyfacts/CIK0000765880.json,2026-09-12,"6y window ending 2025, mean_growth=0.1163"
DOV,2025,2.3108,SEC XBRL companyfacts,https://data.sec.gov/api/xbrl/companyfacts/CIK0000029905.json,2026-09-12,"6y window ending 2025, mean_growth=0.0427"
DOW,2025,42.5163,SEC XBRL companyfacts,https://data.sec.gov/api/xbrl/companyfacts/CIK0001751788.json,2026-09-12,"6y window ending 2025, mean_growth=0.0057"
DPZ,2025,0.6519,SEC XBRL companyfacts,https://data.sec.gov/api/xbrl/companyfacts/CIK0001286681.json,2026-09-12,"6y window ending 2025, mean_growth=0.0649"
DRI,2026,0.8627,SEC XBRL companyfacts,https://data.sec.gov/api/xbrl/companyfacts/CIK0000940944.json,2026-09-12,"6y window ending 2026, mean_growth=0.1335"
DTE,2017,1.9326,SEC XBRL companyfacts,https://data.sec.gov/api/xbrl/companyfacts/CIK0000936340.json,2026-09-12,"6y window ending 2017, mean_growth=0.0854"
DUK,2016,1.7358,SEC XBRL companyfacts,https://data.sec.gov/api/xbrl/companyfacts/CIK0001326160.json,2026-09-12,"6y window ending 2016, mean_growth=0.1054"
DVA,2025,0.8694,SEC XBRL companyfacts,https://data.sec.gov/api/xbrl/companyfacts/CIK0000927066.json,2026-09-12,"6y window ending 2025, mean_growth=0.0342"
DVN,2025,1.7063,SEC XBRL companyfacts,https://data.sec.gov/api/xbrl/companyfacts/CIK0001090012.json,2026-09-12,"6y window ending 2025, mean_growth=0.4035"
DXCM,2025,0.3295,SEC XBRL companyfacts,https://data.sec.gov/api/xbrl/companyfacts/CIK0001093557.json,2026-09-12,"6y window ending 2025, mean_growth=0.1947"
EBAY,2025,3.0131,SEC XBRL companyfacts,https://data.sec.gov/api/xbrl/companyfacts/CIK0001065088.json,2026-09-12,"6y window ending 2025, mean_growth=0.0167"
ECHO,2025,2.2602,SEC XBRL companyfacts,https://data.sec.gov/api/xbrl/companyfacts/CIK0001415404.json,2026-09-12,"6y window ending 2025, mean_growth=1.4904"
ECL,2025,0.6072,SEC XBRL companyfacts,https://data.sec.gov/api/xbrl/companyfacts/CIK0000031462.json,2026-09-12,"6y window ending 2025, mean_growth=0.0646"
ED,2025,1.2106,SEC XBRL companyfacts,https://data.sec.gov/api/xbrl/companyfacts/CIK0001047862.json,2026-09-12,"6y window ending 2025, mean_growth=0.0695"
EFX,2025,0.7997,SEC XBRL companyfacts,https://data.sec.gov/api/xbrl/companyfacts/CIK0000033185.json,2026-09-12,"6y window ending 2025, mean_growth=0.0819"
EG,2025,0.8251,SEC XBRL companyfacts,https://data.sec.gov/api/xbrl/companyfacts/CIK0001095073.json,2026-09-12,"6y window ending 2025, mean_growth=0.1319"
EIX,2025,1.0157,SEC XBRL companyfacts,https://data.sec.gov/api/xbrl/companyfacts/CIK0000827052.json,2026-09-12,"6y window ending 2025, mean_growth=0.0753"
EL,2026,7.0411,SEC XBRL companyfacts,https://data.sec.gov/api/xbrl/companyfacts/CIK0001001250.json,2026-09-12,"6y window ending 2026, mean_growth=-0.0120"
ELV,2025,0.4125,SEC XBRL companyfacts,https://data.sec.gov/api/xbrl/companyfacts/CIK0001156039.json,2026-09-12,"6y window ending 2025, mean_growth=0.1039"
EME,2025,0.1454,SEC XBRL companyfacts,https://data.sec.gov/api/xbrl/companyfacts/CIK0000105634.json,2026-09-12,"6y window ending 2025, mean_growth=0.1408"
EMR,2025,6.1935,SEC XBRL companyfacts,https://data.sec.gov/api/xbrl/companyfacts/CIK0000032604.json,2026-09-12,"6y window ending 2025, mean_growth=0.0238"
EOG,2025,1.7695,SEC XBRL companyfacts,https://data.sec.gov/api/xbrl/companyfacts/CIK0000821189.json,2026-09-12,"6y window ending 2025, mean_growth=0.1889"
EQIX,2025,0.3272,SEC XBRL companyfacts,https://data.sec.gov/api/xbrl/companyfacts/CIK0001101239.json,2026-09-12,"6y window ending 2025, mean_growth=0.0900"
EQT,2025,1.9621,SEC XBRL companyfacts,https://data.sec.gov/api/xbrl/companyfacts/CIK0000033213.json,2026-09-12,"6y window ending 2025, mean_growth=0.3545"
ERIE,2025,0.533,SEC XBRL companyfacts,https://data.sec.gov/api/xbrl/companyfacts/CIK0000922621.json,2026-09-12,"6y window ending 2025, mean_growth=0.1001"
ES,2025,1.212,SEC XBRL companyfacts,https://data.sec.gov/api/xbrl/companyfacts/CIK0000072741.json,2026-09-12,"6y window ending 2025, mean_growth=0.0921"
ESS,2025,1.1362,SEC XBRL companyfacts,https://data.sec.gov/api/xbrl/companyfacts/CIK0000920522.json,2026-09-12,"6y window ending 2025, mean_growth=0.0488"
ETN,2025,0.2727,SEC XBRL companyfacts,https://data.sec.gov/api/xbrl/companyfacts/CIK0001551182.json,2026-09-12,"6y window ending 2025, mean_growth=0.0900"
ETR,2025,2.1929,SEC XBRL companyfacts,https://data.sec.gov/api/xbrl/companyfacts/CIK0000065984.json,2026-09-12,"6y window ending 2025, mean_growth=0.0567"
EVRG,2025,1.7225,SEC XBRL companyfacts,https://data.sec.gov/api/xbrl/companyfacts/CIK0001711269.json,2026-09-12,"6y window ending 2025, mean_growth=0.0414"
EW,2025,1.526,SEC XBRL companyfacts,https://data.sec.gov/api/xbrl/companyfacts/CIK0001099800.json,2026-09-12,"6y window ending 2025, mean_growth=0.0717"
EXC,2025,10.346,SEC XBRL companyfacts,https://data.sec.gov/api/xbrl/companyfacts/CIK0001109357.json,2026-09-12,"6y window ending 2025, mean_growth=-0.0246"
EXE,2025,2.2235,SEC XBRL companyfacts,https://data.sec.gov/api/xbrl/companyfacts/CIK0000895126.json,2026-09-12,"6y window ending 2025, mean_growth=0.4643"
EXPD,2025,4.8977,SEC XBRL companyfacts,https://data.sec.gov/api/xbrl/companyfacts/CIK0000746515.json,2026-09-12,"6y window ending 2025, mean_growth=0.0791"
EXPE,2025,1.0184,SEC XBRL companyfacts,https://data.sec.gov/api/xbrl/companyfacts/CIK0001324424.json,2026-09-12,"6y window ending 2025, mean_growth=0.2507"
EXR,2025,0.5491,SEC XBRL companyfacts,https://data.sec.gov/api/xbrl/companyfacts/CIK0001289490.json,2026-09-12,"6y window ending 2025, mean_growth=0.2045"
F,2025,0.6982,SEC XBRL companyfacts,https://data.sec.gov/api/xbrl/companyfacts/CIK0000037996.json,2026-09-12,"6y window ending 2025, mean_growth=0.0817"
FANG,2025,1.1934,SEC XBRL companyfacts,https://data.sec.gov/api/xbrl/companyfacts/CIK0001539838.json,2026-09-12,"6y window ending 2025, mean_growth=0.4761"
FAST,2025,0.6518,SEC XBRL companyfacts,https://data.sec.gov/api/xbrl/companyfacts/CIK0000815556.json,2026-09-12,"6y window ending 2025, mean_growth=0.0784"
FCX,2025,1.8163,SEC XBRL companyfacts,https://data.sec.gov/api/xbrl/companyfacts/CIK0000831259.json,2026-09-12,"6y window ending 2025, mean_growth=0.1455"
FDS,2025,0.5213,SEC XBRL companyfacts,https://data.sec.gov/api/xbrl/companyfacts/CIK0001013237.json,2026-09-12,"6y window ending 2025, mean_growth=0.0930"
FDX,2026,2.538,SEC XBRL companyfacts,https://data.sec.gov/api/xbrl/companyfacts/CIK0001048911.json,2026-09-12,"6y window ending 2026, mean_growth=0.0261"
FE,2025,0.6496,SEC XBRL companyfacts,https://data.sec.gov/api/xbrl/companyfacts/CIK0001031296.json,2026-09-12,"6y window ending 2025, mean_growth=0.0702"
FFIV,2025,0.7814,SEC XBRL companyfacts,https://data.sec.gov/api/xbrl/companyfacts/CIK0001048695.json,2026-09-12,"6y window ending 2025, mean_growth=0.0568"
FICO,2025,0.6514,SEC XBRL companyfacts,https://data.sec.gov/api/xbrl/companyfacts/CIK0000814547.json,2026-09-12,"6y window ending 2025, mean_growth=0.0912"
FIS,2025,10.0954,SEC XBRL companyfacts,https://data.sec.gov/api/xbrl/companyfacts/CIK0001136893.json,2026-09-12,"6y window ending 2025, mean_growth=-0.0172"
FISV,2025,0.3147,SEC XBRL companyfacts,https://data.sec.gov/api/xbrl/companyfacts/CIK0000798354.json,2026-09-12,"6y window ending 2025, mean_growth=0.0739"
FIX,2025,0.4243,SEC XBRL companyfacts,https://data.sec.gov/api/xbrl/companyfacts/CIK0001035983.json,2026-09-12,"6y window ending 2025, mean_growth=0.2651"
FLEX,2026,3.2643,SEC XBRL companyfacts,https://data.sec.gov/api/xbrl/companyfacts/CIK0000866374.json,2026-09-12,"6y window ending 2026, mean_growth=0.0348"
FOX,2026,1.3496,SEC XBRL companyfacts,https://data.sec.gov/api/xbrl/companyfacts/CIK0001754301.json,2026-09-12,"6y window ending 2026, mean_growth=0.0608"
FOXA,2026,1.3496,SEC XBRL companyfacts,https://data.sec.gov/api/xbrl/companyfacts/CIK0001754301.json,2026-09-12,"6y window ending 2026, mean_growth=0.0608"
FRT,2024,1.5135,SEC XBRL companyfacts,https://data.sec.gov/api/xbrl/companyfacts/CIK0000034903.json,2026-09-12,"6y window ending 2024, mean_growth=0.0689"
FSLR,2025,1.083,SEC XBRL companyfacts,https://data.sec.gov/api/xbrl/companyfacts/CIK0001274494.json,2026-09-12,"6y window ending 2025, mean_growth=0.1499"
FTNT,2025,0.4083,SEC XBRL companyfacts,https://data.sec.gov/api/xbrl/companyfacts/CIK0001262039.json,2026-09-12,"6y window ending 2025, mean_growth=0.2150"
GD,2025,0.7175,SEC XBRL companyfacts,https://data.sec.gov/api/xbrl/companyfacts/CIK0000040533.json,2026-09-12,"6y window ending 2025, mean_growth=0.0683"
GDDY,2025,0.4831,SEC XBRL companyfacts,https://data.sec.gov/api/xbrl/companyfacts/CIK0001609711.json,2026-09-12,"6y window ending 2025, mean_growth=0.0840"
GE,2025,2.8821,SEC XBRL companyfacts,https://data.sec.gov/api/xbrl/companyfacts/CIK0000040545.json,2026-09-12,"6y window ending 2025, mean_growth=-0.0789"
GEN,2026,0.6206,SEC XBRL companyfacts,https://data.sec.gov/api/xbrl/companyfacts/CIK0000849399.json,2026-09-12,"6y window ending 2026, mean_growth=0.1470"
GILD,2025,1.2759,SEC XBRL companyfacts,https://data.sec.gov/api/xbrl/companyfacts/CIK0000882095.json,2026-09-12,"6y window ending 2025, mean_growth=0.0367"
GIS,2026,2.2764,SEC XBRL companyfacts,https://data.sec.gov/api/xbrl/companyfacts/CIK0000040704.json,2026-09-12,"6y window ending 2026, mean_growth=1.6882"
GL,2025,0.4669,SEC XBRL companyfacts,https://data.sec.gov/api/xbrl/companyfacts/CIK0000320335.json,2026-09-12,"6y window ending 2025, mean_growth=0.0484"
GLW,2025,1.9326,SEC XBRL companyfacts,https://data.sec.gov/api/xbrl/companyfacts/CIK0000024741.json,2026-09-12,"6y window ending 2025, mean_growth=0.0748"
GM,2025,1.0386,SEC XBRL companyfacts,https://data.sec.gov/api/xbrl/companyfacts/CIK0001467858.json,2026-09-12,"6y window ending 2025, mean_growth=0.0890"
GNRC,2025,1.8579,SEC XBRL companyfacts,https://data.sec.gov/api/xbrl/companyfacts/CIK0001474735.json,2026-09-12,"6y window ending 2025, mean_growth=0.1308"
GOOG,2025,0.755,SEC XBRL companyfacts,https://data.sec.gov/api/xbrl/companyfacts/CIK0001652044.json,2026-09-12,"6y window ending 2025, mean_growth=0.1771"
GOOGL,2025,0.755,SEC XBRL companyfacts,https://data.sec.gov/api/xbrl/companyfacts/CIK0001652044.json,2026-09-12,"6y window ending 2025, mean_growth=0.1771"
GPC,2025,0.8477,SEC XBRL companyfacts,https://data.sec.gov/api/xbrl/companyfacts/CIK0000040987.json,2026-09-12,"6y window ending 2025, mean_growth=0.0818"
GPN,2025,8.5918,SEC XBRL companyfacts,https://data.sec.gov/api/xbrl/companyfacts/CIK0001123360.json,2026-09-12,"6y window ending 2025, mean_growth=0.0172"
GRMN,2025,0.7938,SEC XBRL companyfacts,https://data.sec.gov/api/xbrl/companyfacts/CIK0001121788.json,2026-09-12,"6y window ending 2025, mean_growth=0.1193"
GWW,2025,0.5896,SEC XBRL companyfacts,https://data.sec.gov/api/xbrl/companyfacts/CIK0000277135.json,2026-09-12,"6y window ending 2025, mean_growth=0.0885"
HAL,2017,8.2685,SEC XBRL companyfacts,https://data.sec.gov/api/xbrl/companyfacts/CIK0000045012.json,2026-09-12,"6y window ending 2017, mean_growth=-0.0323"
HBAN,2025,0.7563,SEC XBRL companyfacts,https://data.sec.gov/api/xbrl/companyfacts/CIK0000049196.json,2026-09-12,"6y window ending 2025, mean_growth=0.1236"
HD,2025,1.3435,SEC XBRL companyfacts,https://data.sec.gov/api/xbrl/companyfacts/CIK0000354950.json,2026-09-12,"6y window ending 2025, mean_growth=0.0465"
HIG,2025,0.5901,SEC XBRL companyfacts,https://data.sec.gov/api/xbrl/companyfacts/CIK0000874766.json,2026-09-12,"6y window ending 2025, mean_growth=0.0675"
HII,2025,0.7887,SEC XBRL companyfacts,https://data.sec.gov/api/xbrl/companyfacts/CIK0001501585.json,2026-09-12,"6y window ending 2025, mean_growth=0.0601"
HLT,2025,0.7842,SEC XBRL companyfacts,https://data.sec.gov/api/xbrl/companyfacts/CIK0001585689.json,2026-09-12,"6y window ending 2025, mean_growth=0.2391"
HPE,2025,0.9907,SEC XBRL companyfacts,https://data.sec.gov/api/xbrl/companyfacts/CIK0001645590.json,2026-09-12,"6y window ending 2025, mean_growth=0.0500"
HRL,2017,1.9609,SEC XBRL companyfacts,https://data.sec.gov/api/xbrl/companyfacts/CIK0000048465.json,2026-09-12,"6y window ending 2017, mean_growth=0.0226"
HSIC,2025,1.6802,SEC XBRL companyfacts,https://data.sec.gov/api/xbrl/companyfacts/CIK0001000228.json,2026-09-12,"6y window ending 2025, mean_growth=0.0577"
HST,2025,1.0685,SEC XBRL companyfacts,https://data.sec.gov/api/xbrl/companyfacts/CIK0001070750.json,2026-09-12,"6y window ending 2025, mean_growth=0.3420"
HSY,2025,0.7834,SEC XBRL companyfacts,https://data.sec.gov/api/xbrl/companyfacts/CIK0000047111.json,2026-09-12,"6y window ending 2025, mean_growth=0.0762"
HUBB,2025,0.9599,SEC XBRL companyfacts,https://data.sec.gov/api/xbrl/companyfacts/CIK0000048898.json,2026-09-12,"6y window ending 2025, mean_growth=0.0707"
HUM,2025,0.2291,SEC XBRL companyfacts,https://data.sec.gov/api/xbrl/companyfacts/CIK0000049071.json,2026-09-12,"6y window ending 2025, mean_growth=0.1096"
HWM,2025,0.9063,SEC XBRL companyfacts,https://data.sec.gov/api/xbrl/companyfacts/CIK0000004281.json,2026-09-12,"6y window ending 2025, mean_growth=0.0973"
IBKR,2025,0.9572,SEC XBRL companyfacts,https://data.sec.gov/api/xbrl/companyfacts/CIK0001381197.json,2026-09-12,"6y window ending 2025, mean_growth=0.1433"
IBM,2025,11.3587,SEC XBRL companyfacts,https://data.sec.gov/api/xbrl/companyfacts/CIK0000051143.json,2026-09-12,"6y window ending 2025, mean_growth=-0.0106"
ICE,2025,0.69,SEC XBRL companyfacts,https://data.sec.gov/api/xbrl/companyfacts/CIK0001571949.json,2026-09-12,"6y window ending 2025, mean_growth=0.0906"
IDXX,2025,0.556,SEC XBRL companyfacts,https://data.sec.gov/api/xbrl/companyfacts/CIK0000874716.json,2026-09-12,"6y window ending 2025, mean_growth=0.0982"
IEX,2025,0.9391,SEC XBRL companyfacts,https://data.sec.gov/api/xbrl/companyfacts/CIK0000832101.json,2026-09-12,"6y window ending 2025, mean_growth=0.0823"
IFF,2025,2.3858,SEC XBRL companyfacts,https://data.sec.gov/api/xbrl/companyfacts/CIK0000051253.json,2026-09-12,"6y window ending 2025, mean_growth=0.2463"
INCY,2025,0.3234,SEC XBRL companyfacts,https://data.sec.gov/api/xbrl/companyfacts/CIK0000879169.json,2026-09-12,"6y window ending 2025, mean_growth=0.1410"
INTC,2025,1.3494,SEC XBRL companyfacts,https://data.sec.gov/api/xbrl/companyfacts/CIK0000050863.json,2026-09-12,"6y window ending 2025, mean_growth=-0.0705"
INTU,2026,0.4659,SEC XBRL companyfacts,https://data.sec.gov/api/xbrl/companyfacts/CIK0000896878.json,2026-09-12,"6y window ending 2026, mean_growth=0.1758"
INVH,2025,0.4584,SEC XBRL companyfacts,https://data.sec.gov/api/xbrl/companyfacts/CIK0001687229.json,2026-09-12,"6y window ending 2025, mean_growth=0.0971"
IP,2025,4.128,SEC XBRL companyfacts,https://data.sec.gov/api/xbrl/companyfacts/CIK0000051434.json,2026-09-12,"6y window ending 2025, mean_growth=0.0363"
IQV,2025,1.051,SEC XBRL companyfacts,https://data.sec.gov/api/xbrl/companyfacts/CIK0001478242.json,2026-09-12,"6y window ending 2025, mean_growth=0.0773"
IR,2025,0.5995,SEC XBRL companyfacts,https://data.sec.gov/api/xbrl/companyfacts/CIK0001699150.json,2026-09-12,"6y window ending 2025, mean_growth=0.0939"
IRM,2025,0.2545,SEC XBRL companyfacts,https://data.sec.gov/api/xbrl/companyfacts/CIK0001020569.json,2026-09-12,"6y window ending 2025, mean_growth=0.1075"
ISRG,2025,0.4447,SEC XBRL companyfacts,https://data.sec.gov/api/xbrl/companyfacts/CIK0001035267.json,2026-09-12,"6y window ending 2025, mean_growth=0.1844"
IT,2025,0.5653,SEC XBRL companyfacts,https://data.sec.gov/api/xbrl/companyfacts/CIK0000749251.json,2026-09-12,"6y window ending 2025, mean_growth=0.0976"
ITW,2025,1.3577,SEC XBRL companyfacts,https://data.sec.gov/api/xbrl/companyfacts/CIK0000049826.json,2026-09-12,"6y window ending 2025, mean_growth=0.0518"
IVZ,2025,8.6697,SEC XBRL companyfacts,https://data.sec.gov/api/xbrl/companyfacts/CIK0000914208.json,2026-09-12,"6y window ending 2025, mean_growth=0.0113"
J,2018,3.6152,SEC XBRL companyfacts,https://data.sec.gov/api/xbrl/companyfacts/CIK0000052988.json,2026-09-12,"6y window ending 2018, mean_growth=0.0685"
JBHT,2017,0.5887,SEC XBRL companyfacts,https://data.sec.gov/api/xbrl/companyfacts/CIK0000728535.json,2026-09-12,"6y window ending 2017, mean_growth=0.0737"
JBL,2025,4.9121,SEC XBRL companyfacts,https://data.sec.gov/api/xbrl/companyfacts/CIK0000898293.json,2026-09-12,"6y window ending 2025, mean_growth=0.0236"
JCI,2025,6.1253,SEC XBRL companyfacts,https://data.sec.gov/api/xbrl/companyfacts/CIK0000833444.json,2026-09-12,"6y window ending 2025, mean_growth=0.0146"
JKHY,2026,0.2074,SEC XBRL companyfacts,https://data.sec.gov/api/xbrl/companyfacts/CIK0000779152.json,2026-09-12,"6y window ending 2026, mean_growth=0.0768"
JNJ,2025,2.9296,SEC XBRL companyfacts,https://data.sec.gov/api/xbrl/companyfacts/CIK0000200406.json,2026-09-12,"6y window ending 2025, mean_growth=0.0297"
JPM,2025,0.9594,SEC XBRL companyfacts,https://data.sec.gov/api/xbrl/companyfacts/CIK0000019617.json,2026-09-12,"6y window ending 2025, mean_growth=0.0909"
KDP,2025,0.391,SEC XBRL companyfacts,https://data.sec.gov/api/xbrl/companyfacts/CIK0001418135.json,2026-09-12,"6y window ending 2025, mean_growth=0.0743"
KEY,2025,5.5116,SEC XBRL companyfacts,https://data.sec.gov/api/xbrl/companyfacts/CIK0000091576.json,2026-09-12,"6y window ending 2025, mean_growth=0.0624"
KEYS,2025,1.843,SEC XBRL companyfacts,https://data.sec.gov/api/xbrl/companyfacts/CIK0001601046.json,2026-09-12,"6y window ending 2025, mean_growth=0.0533"
KIM,2025,0.7619,SEC XBRL companyfacts,https://data.sec.gov/api/xbrl/companyfacts/CIK0000879101.json,2026-09-12,"6y window ending 2025, mean_growth=0.1562"
KKR,2025,1.6823,SEC XBRL companyfacts,https://data.sec.gov/api/xbrl/companyfacts/CIK0001404912.json,2026-09-12,"6y window ending 2025, mean_growth=0.8246"
KLAC,2026,0.9752,SEC XBRL companyfacts,https://data.sec.gov/api/xbrl/companyfacts/CIK0000319201.json,2026-09-12,"6y window ending 2026, mean_growth=0.1523"
KMB,2025,3.3365,SEC XBRL companyfacts,https://data.sec.gov/api/xbrl/companyfacts/CIK0000055785.json,2026-09-12,"6y window ending 2025, mean_growth=-0.0264"
KMI,2025,2.3825,SEC XBRL companyfacts,https://data.sec.gov/api/xbrl/companyfacts/CIK0001506307.json,2026-09-12,"6y window ending 2025, mean_growth=0.0961"
KO,2025,0.8006,SEC XBRL companyfacts,https://data.sec.gov/api/xbrl/companyfacts/CIK0000021344.json,2026-09-12,"6y window ending 2025, mean_growth=0.0789"
KR,2025,1.0737,SEC XBRL companyfacts,https://data.sec.gov/api/xbrl/companyfacts/CIK0000056873.json,2026-09-12,"6y window ending 2025, mean_growth=0.0391"
L,2025,0.98,SEC XBRL companyfacts,https://data.sec.gov/api/xbrl/companyfacts/CIK0000060086.json,2026-09-12,"6y window ending 2025, mean_growth=0.0821"
LDOS,2025,0.4738,SEC XBRL companyfacts,https://data.sec.gov/api/xbrl/companyfacts/CIK0001336920.json,2026-09-12,"6y window ending 2025, mean_growth=0.0695"
LEN,2025,1.3624,SEC XBRL companyfacts,https://data.sec.gov/api/xbrl/companyfacts/CIK0000920760.json,2026-09-12,"6y window ending 2025, mean_growth=0.0957"
LH,2025,3.0382,SEC XBRL companyfacts,https://data.sec.gov/api/xbrl/companyfacts/CIK0000920148.json,2026-09-12,"6y window ending 2025, mean_growth=0.0467"
LHX,2025,2.2794,SEC XBRL companyfacts,https://data.sec.gov/api/xbrl/companyfacts/CIK0000202058.json,2026-09-12,"6y window ending 2025, mean_growth=0.0346"
LII,2025,0.9216,SEC XBRL companyfacts,https://data.sec.gov/api/xbrl/companyfacts/CIK0001069202.json,2026-09-12,"6y window ending 2025, mean_growth=0.0760"
LIN,2025,1.2816,SEC XBRL companyfacts,https://data.sec.gov/api/xbrl/companyfacts/CIK0001707925.json,2026-09-12,"6y window ending 2025, mean_growth=0.0466"
LITE,2026,1.0297,SEC XBRL companyfacts,https://data.sec.gov/api/xbrl/companyfacts/CIK0001633978.json,2026-09-12,"6y window ending 2026, mean_growth=0.2974"
LLY,2025,0.742,SEC XBRL companyfacts,https://data.sec.gov/api/xbrl/companyfacts/CIK0000059478.json,2026-09-12,"6y window ending 2025, mean_growth=0.2249"
LMT,2025,1.0165,SEC XBRL companyfacts,https://data.sec.gov/api/xbrl/companyfacts/CIK0000936468.json,2026-09-12,"6y window ending 2025, mean_growth=0.0282"
LNT,2025,1.4829,SEC XBRL companyfacts,https://data.sec.gov/api/xbrl/companyfacts/CIK0000352541.json,2026-09-12,"6y window ending 2025, mean_growth=0.0524"
LOW,2025,12.7069,SEC XBRL companyfacts,https://data.sec.gov/api/xbrl/companyfacts/CIK0000060667.json,2026-09-12,"6y window ending 2025, mean_growth=-0.0055"
LRCX,2026,1.5838,SEC XBRL companyfacts,https://data.sec.gov/api/xbrl/companyfacts/CIK0000707549.json,2026-09-12,"6y window ending 2026, mean_growth=0.1084"
LULU,2025,0.715,SEC XBRL companyfacts,https://data.sec.gov/api/xbrl/companyfacts/CIK0001397187.json,2026-09-12,"6y window ending 2025, mean_growth=0.2106"
LUV,2025,1.1392,SEC XBRL companyfacts,https://data.sec.gov/api/xbrl/companyfacts/CIK0000092380.json,2026-09-12,"6y window ending 2025, mean_growth=0.2847"
LVS,2025,1.6856,SEC XBRL companyfacts,https://data.sec.gov/api/xbrl/companyfacts/CIK0001300514.json,2026-09-12,"6y window ending 2025, mean_growth=0.3816"
LYB,2025,6.0675,SEC XBRL companyfacts,https://data.sec.gov/api/xbrl/companyfacts/CIK0001489393.json,2026-09-12,"6y window ending 2025, mean_growth=0.0599"
LYV,2025,1.1733,SEC XBRL companyfacts,https://data.sec.gov/api/xbrl/companyfacts/CIK0001335258.json,2026-09-12,"6y window ending 2025, mean_growth=0.8998"
MA,2025,0.2719,SEC XBRL companyfacts,https://data.sec.gov/api/xbrl/companyfacts/CIK0001141391.json,2026-09-12,"6y window ending 2025, mean_growth=0.1654"
MAA,2025,0.872,SEC XBRL companyfacts,https://data.sec.gov/api/xbrl/companyfacts/CIK0000912595.json,2026-09-12,"6y window ending 2025, mean_growth=0.0575"
MAR,2025,0.9168,SEC XBRL companyfacts,https://data.sec.gov/api/xbrl/companyfacts/CIK0001048286.json,2026-09-12,"6y window ending 2025, mean_growth=0.2106"
MAS,2025,6.9655,SEC XBRL companyfacts,https://data.sec.gov/api/xbrl/companyfacts/CIK0000062996.json,2026-09-12,"6y window ending 2025, mean_growth=0.0136"
MCD,2025,1.1845,SEC XBRL companyfacts,https://data.sec.gov/api/xbrl/companyfacts/CIK0000063908.json,2026-09-12,"6y window ending 2025, mean_growth=0.0722"
MCHP,2026,32.2733,SEC XBRL companyfacts,https://data.sec.gov/api/xbrl/companyfacts/CIK0000827054.json,2026-09-12,"6y window ending 2026, mean_growth=0.0087"
MCK,2026,0.3676,SEC XBRL companyfacts,https://data.sec.gov/api/xbrl/companyfacts/CIK0000927653.json,2026-09-12,"6y window ending 2026, mean_growth=0.1117"
MCO,2025,1.5122,SEC XBRL companyfacts,https://data.sec.gov/api/xbrl/companyfacts/CIK0001059556.json,2026-09-12,"6y window ending 2025, mean_growth=0.0812"
MDLZ,2025,0.6231,SEC XBRL companyfacts,https://data.sec.gov/api/xbrl/companyfacts/CIK0001103982.json,2026-09-12,"6y window ending 2025, mean_growth=0.0780"
MDT,2026,0.9175,SEC XBRL companyfacts,https://data.sec.gov/api/xbrl/companyfacts/CIK0001613103.json,2026-09-12,"6y window ending 2026, mean_growth=0.0389"
MET,2025,2.0118,SEC XBRL companyfacts,https://data.sec.gov/api/xbrl/companyfacts/CIK0001099219.json,2026-09-12,"6y window ending 2025, mean_growth=0.0270"
META,2025,0.7213,SEC XBRL companyfacts,https://data.sec.gov/api/xbrl/companyfacts/CIK0001326801.json,2026-09-12,"6y window ending 2025, mean_growth=0.1917"
MGM,2025,1.1115,SEC XBRL companyfacts,https://data.sec.gov/api/xbrl/companyfacts/CIK0000789570.json,2026-09-12,"6y window ending 2025, mean_growth=0.3093"
MKC,2025,1.2256,SEC XBRL companyfacts,https://data.sec.gov/api/xbrl/companyfacts/CIK0000063754.json,2026-09-12,"6y window ending 2025, mean_growth=0.0418"
MLM,2025,1.695,SEC XBRL companyfacts,https://data.sec.gov/api/xbrl/companyfacts/CIK0000916076.json,2026-09-12,"6y window ending 2025, mean_growth=0.0576"
MMM,2025,3.0284,SEC XBRL companyfacts,https://data.sec.gov/api/xbrl/companyfacts/CIK0000066740.json,2026-09-12,"6y window ending 2025, mean_growth=-0.0423"
MNST,2025,0.4454,SEC XBRL companyfacts,https://data.sec.gov/api/xbrl/companyfacts/CIK0000865752.json,2026-09-12,"6y window ending 2025, mean_growth=0.1263"
MO,2025,0.5061,SEC XBRL companyfacts,https://data.sec.gov/api/xbrl/companyfacts/CIK0000764180.json,2026-09-12,"6y window ending 2025, mean_growth=-0.0230"
MOS,2025,3.1346,SEC XBRL companyfacts,https://data.sec.gov/api/xbrl/companyfacts/CIK0001285785.json,2026-09-12,"6y window ending 2025, mean_growth=0.1166"
MPC,2025,2.1057,SEC XBRL companyfacts,https://data.sec.gov/api/xbrl/companyfacts/CIK0001510295.json,2026-09-12,"6y window ending 2025, mean_growth=0.1852"
MPWR,2025,0.6645,SEC XBRL companyfacts,https://data.sec.gov/api/xbrl/companyfacts/CIK0001280452.json,2026-09-12,"6y window ending 2025, mean_growth=0.2814"
MRK,2025,1.3473,SEC XBRL companyfacts,https://data.sec.gov/api/xbrl/companyfacts/CIK0000310158.json,2026-09-12,"6y window ending 2025, mean_growth=0.0653"
MRNA,2025,2.4457,SEC XBRL companyfacts,https://data.sec.gov/api/xbrl/companyfacts/CIK0001682852.json,2026-09-12,"6y window ending 2025, mean_growth=4.0926"
MS,2014,2.1855,SEC XBRL companyfacts,https://data.sec.gov/api/xbrl/companyfacts/CIK0000895421.json,2026-09-12,"6y window ending 2014, mean_growth=0.0966"
MSCI,2025,0.3324,SEC XBRL companyfacts,https://data.sec.gov/api/xbrl/companyfacts/CIK0001408198.json,2026-09-12,"6y window ending 2025, mean_growth=0.1314"
MSFT,2026,0.3096,SEC XBRL companyfacts,https://data.sec.gov/api/xbrl/companyfacts/CIK0000789019.json,2026-09-12,"6y window ending 2026, mean_growth=0.1465"
MSI,2025,0.1486,SEC XBRL companyfacts,https://data.sec.gov/api/xbrl/companyfacts/CIK0000068505.json,2026-09-12,"6y window ending 2025, mean_growth=0.0953"
MTB,2025,10.8474,SEC XBRL companyfacts,https://data.sec.gov/api/xbrl/companyfacts/CIK0000036270.json,2026-09-12,"6y window ending 2025, mean_growth=-0.0429"
MTD,2025,1.5451,SEC XBRL companyfacts,https://data.sec.gov/api/xbrl/companyfacts/CIK0001037646.json,2026-09-12,"6y window ending 2025, mean_growth=0.0576"
MU,2025,2.1465,SEC XBRL companyfacts,https://data.sec.gov/api/xbrl/companyfacts/CIK0000723125.json,2026-09-12,"6y window ending 2025, mean_growth=0.2025"
NDAQ,2025,1.1097,SEC XBRL companyfacts,https://data.sec.gov/api/xbrl/companyfacts/CIK0001120193.json,2026-09-12,"6y window ending 2025, mean_growth=0.0829"
NDSN,2025,0.7842,SEC XBRL companyfacts,https://data.sec.gov/api/xbrl/companyfacts/CIK0000072331.json,2026-09-12,"6y window ending 2025, mean_growth=0.0572"
NEM,2025,1.5243,SEC XBRL companyfacts,https://data.sec.gov/api/xbrl/companyfacts/CIK0001164727.json,2026-09-12,"6y window ending 2025, mean_growth=0.1649"
NFLX,2025,0.4516,SEC XBRL companyfacts,https://data.sec.gov/api/xbrl/companyfacts/CIK0001065280.json,2026-09-12,"6y window ending 2025, mean_growth=0.1269"
NI,2025,1.5824,SEC XBRL companyfacts,https://data.sec.gov/api/xbrl/companyfacts/CIK0001111711.json,2026-09-12,"6y window ending 2025, mean_growth=0.0850"
NKE,2026,6.9912,SEC XBRL companyfacts,https://data.sec.gov/api/xbrl/companyfacts/CIK0000320187.json,2026-09-12,"6y window ending 2026, mean_growth=0.0103"
NOC,2025,1.405,SEC XBRL companyfacts,https://data.sec.gov/api/xbrl/companyfacts/CIK0001133421.json,2026-09-12,"6y window ending 2025, mean_growth=0.0271"
NOW,2025,0.154,SEC XBRL companyfacts,https://data.sec.gov/api/xbrl/companyfacts/CIK0001373715.json,2026-09-12,"6y window ending 2025, mean_growth=0.2410"
NRG,2025,2.0512,SEC XBRL companyfacts,https://data.sec.gov/api/xbrl/companyfacts/CIK0001013871.json,2026-09-12,"6y window ending 2025, mean_growth=0.4237"
NSC,2025,1.8401,SEC XBRL companyfacts,https://data.sec.gov/api/xbrl/companyfacts/CIK0000702165.json,2026-09-12,"6y window ending 2025, mean_growth=0.0476"
NTAP,2026,3.2518,SEC XBRL companyfacts,https://data.sec.gov/api/xbrl/companyfacts/CIK0001002047.json,2026-09-12,"6y window ending 2026, mean_growth=0.0179"
NTRS,2025,1.581,SEC XBRL companyfacts,https://data.sec.gov/api/xbrl/companyfacts/CIK0000073124.json,2026-09-12,"6y window ending 2025, mean_growth=0.0613"
NUE,2025,2.6918,SEC XBRL companyfacts,https://data.sec.gov/api/xbrl/companyfacts/CIK0000073309.json,2026-09-12,"6y window ending 2025, mean_growth=0.1456"
NVDA,2026,0.6802,SEC XBRL companyfacts,https://data.sec.gov/api/xbrl/companyfacts/CIK0001045810.json,2026-09-12,"6y window ending 2026, mean_growth=0.7343"
NVR,2025,1.7525,SEC XBRL companyfacts,https://data.sec.gov/api/xbrl/companyfacts/CIK0000906163.json,2026-09-12,"6y window ending 2025, mean_growth=0.0709"
NXPI,2025,1.8324,SEC XBRL companyfacts,https://data.sec.gov/api/xbrl/companyfacts/CIK0001413447.json,2026-09-12,"6y window ending 2025, mean_growth=0.0813"
O,2025,0.6501,SEC XBRL companyfacts,https://data.sec.gov/api/xbrl/companyfacts/CIK0000726728.json,2026-09-12,"6y window ending 2025, mean_growth=0.2939"
OKE,2025,1.1349,SEC XBRL companyfacts,https://data.sec.gov/api/xbrl/companyfacts/CIK0001039684.json,2026-09-12,"6y window ending 2025, mean_growth=0.3713"
OMC,2025,0.7369,SEC XBRL companyfacts,https://data.sec.gov/api/xbrl/companyfacts/CIK0000029989.json,2026-09-12,"6y window ending 2025, mean_growth=0.0564"
ON,2025,4.8186,SEC XBRL companyfacts,https://data.sec.gov/api/xbrl/companyfacts/CIK0001097864.json,2026-09-12,"6y window ending 2025, mean_growth=0.0428"
ORCL,2026,0.5727,SEC XBRL companyfacts,https://data.sec.gov/api/xbrl/companyfacts/CIK0001341439.json,2026-09-12,"6y window ending 2026, mean_growth=0.1086"
ORLY,2025,0.4072,SEC XBRL companyfacts,https://data.sec.gov/api/xbrl/companyfacts/CIK0000898173.json,2026-09-12,"6y window ending 2025, mean_growth=0.0896"
OTIS,2025,2.2901,SEC XBRL companyfacts,https://data.sec.gov/api/xbrl/companyfacts/CIK0001781335.json,2026-09-12,"6y window ending 2025, mean_growth=0.0264"
OXY,2025,4.2076,SEC XBRL companyfacts,https://data.sec.gov/api/xbrl/companyfacts/CIK0000797468.json,2026-09-12,"6y window ending 2025, mean_growth=0.0788"
PANW,2026,0.2785,SEC XBRL companyfacts,https://data.sec.gov/api/xbrl/companyfacts/CIK0001327567.json,2026-09-12,"6y window ending 2026, mean_growth=0.2208"
PAYX,2026,0.5078,SEC XBRL companyfacts,https://data.sec.gov/api/xbrl/companyfacts/CIK0000723531.json,2026-09-12,"6y window ending 2026, mean_growth=0.1002"
PCAR,2025,1.8534,SEC XBRL companyfacts,https://data.sec.gov/api/xbrl/companyfacts/CIK0000075362.json,2026-09-12,"6y window ending 2025, mean_growth=0.1007"
PCG,2025,0.903,SEC XBRL companyfacts,https://data.sec.gov/api/xbrl/companyfacts/CIK0001004980.json,2026-09-12,"6y window ending 2025, mean_growth=0.0631"
PEG,2025,2.0659,SEC XBRL companyfacts,https://data.sec.gov/api/xbrl/companyfacts/CIK0000788784.json,2026-09-12,"6y window ending 2025, mean_growth=0.0531"
PEP,2025,0.8305,SEC XBRL companyfacts,https://data.sec.gov/api/xbrl/companyfacts/CIK0000077476.json,2026-09-12,"6y window ending 2025, mean_growth=0.0604"
PFE,2025,2.992,SEC XBRL companyfacts,https://data.sec.gov/api/xbrl/companyfacts/CIK0000078003.json,2026-09-12,"6y window ending 2025, mean_growth=0.1656"
PFG,2025,7.272,SEC XBRL companyfacts,https://data.sec.gov/api/xbrl/companyfacts/CIK0001126328.json,2026-09-12,"6y window ending 2025, mean_growth=0.0248"
PG,2026,0.6693,SEC XBRL companyfacts,https://data.sec.gov/api/xbrl/companyfacts/CIK0000080424.json,2026-09-12,"6y window ending 2026, mean_growth=0.0273"
PGR,2025,0.5262,SEC XBRL companyfacts,https://data.sec.gov/api/xbrl/companyfacts/CIK0000080661.json,2026-09-12,"6y window ending 2025, mean_growth=0.1574"
PH,2026,0.889,SEC XBRL companyfacts,https://data.sec.gov/api/xbrl/companyfacts/CIK0000076334.json,2026-09-12,"6y window ending 2026, mean_growth=0.0864"
PHM,2025,1.2405,SEC XBRL companyfacts,https://data.sec.gov/api/xbrl/companyfacts/CIK0000822416.json,2026-09-12,"6y window ending 2025, mean_growth=0.0998"
PKG,2025,1.3619,SEC XBRL companyfacts,https://data.sec.gov/api/xbrl/companyfacts/CIK0000075677.json,2026-09-12,"6y window ending 2025, mean_growth=0.0650"
PLD,2025,0.9063,SEC XBRL companyfacts,https://data.sec.gov/api/xbrl/companyfacts/CIK0001045609.json,2026-09-12,"6y window ending 2025, mean_growth=0.1529"
PLTR,2025,0.4686,SEC XBRL companyfacts,https://data.sec.gov/api/xbrl/companyfacts/CIK0001321655.json,2026-09-12,"6y window ending 2025, mean_growth=0.3329"
PM,2025,0.5085,SEC XBRL companyfacts,https://data.sec.gov/api/xbrl/companyfacts/CIK0001413329.json,2026-09-12,"6y window ending 2025, mean_growth=0.0727"
PNC,2025,0.8501,SEC XBRL companyfacts,https://data.sec.gov/api/xbrl/companyfacts/CIK0000713676.json,2026-09-12,"6y window ending 2025, mean_growth=0.0656"
PNR,2025,1.4996,SEC XBRL companyfacts,https://data.sec.gov/api/xbrl/companyfacts/CIK0000077360.json,2026-09-12,"6y window ending 2025, mean_growth=0.0711"
PNW,2025,0.4316,SEC XBRL companyfacts,https://data.sec.gov/api/xbrl/companyfacts/CIK0000764622.json,2026-09-12,"6y window ending 2025, mean_growth=0.0833"
PODD,2025,0.2193,SEC XBRL companyfacts,https://data.sec.gov/api/xbrl/companyfacts/CIK0001145197.json,2026-09-12,"6y window ending 2025, mean_growth=0.2462"
PPG,2025,3.6613,SEC XBRL companyfacts,https://data.sec.gov/api/xbrl/companyfacts/CIK0000079879.json,2026-09-12,"6y window ending 2025, mean_growth=0.0338"
PPL,2025,1.4375,SEC XBRL companyfacts,https://data.sec.gov/api/xbrl/companyfacts/CIK0000922224.json,2026-09-12,"6y window ending 2025, mean_growth=0.0388"
PRU,2025,7.1269,SEC XBRL companyfacts,https://data.sec.gov/api/xbrl/companyfacts/CIK0001137774.json,2026-09-12,"6y window ending 2025, mean_growth=0.0313"
PSA,2025,0.7917,SEC XBRL companyfacts,https://data.sec.gov/api/xbrl/companyfacts/CIK0001393311.json,2026-09-12,"6y window ending 2025, mean_growth=0.1086"
PSX,2025,1.94,SEC XBRL companyfacts,https://data.sec.gov/api/xbrl/companyfacts/CIK0001534701.json,2026-09-12,"6y window ending 2025, mean_growth=0.2052"
PTC,2025,0.5485,SEC XBRL companyfacts,https://data.sec.gov/api/xbrl/companyfacts/CIK0000857005.json,2026-09-12,"6y window ending 2025, mean_growth=0.1363"
PWR,2025,0.3397,SEC XBRL companyfacts,https://data.sec.gov/api/xbrl/companyfacts/CIK0001050915.json,2026-09-12,"6y window ending 2025, mean_growth=0.2068"
PYPL,2025,0.5776,SEC XBRL companyfacts,https://data.sec.gov/api/xbrl/companyfacts/CIK0001633917.json,2026-09-12,"6y window ending 2025, mean_growth=0.0921"
QCOM,2025,1.5191,SEC XBRL companyfacts,https://data.sec.gov/api/xbrl/companyfacts/CIK0000804328.json,2026-09-12,"6y window ending 2025, mean_growth=0.1556"
RCL,2025,1.974,SEC XBRL companyfacts,https://data.sec.gov/api/xbrl/companyfacts/CIK0000884887.json,2026-09-12,"6y window ending 2025, mean_growth=1.0620"
REG,2025,0.4194,SEC XBRL companyfacts,https://data.sec.gov/api/xbrl/companyfacts/CIK0000910606.json,2026-09-12,"6y window ending 2025, mean_growth=0.0891"
REGN,2025,2.612,SEC XBRL companyfacts,https://data.sec.gov/api/xbrl/companyfacts/CIK0000872589.json,2026-09-12,"6y window ending 2025, mean_growth=0.1638"
RJF,2025,0.3633,SEC XBRL companyfacts,https://data.sec.gov/api/xbrl/companyfacts/CIK0000720005.json,2026-09-12,"6y window ending 2025, mean_growth=0.1436"
RL,2026,1.1586,SEC XBRL companyfacts,https://data.sec.gov/api/xbrl/companyfacts/CIK0001037038.json,2026-09-12,"6y window ending 2026, mean_growth=0.1384"
RMD,2026,0.2816,SEC XBRL companyfacts,https://data.sec.gov/api/xbrl/companyfacts/CIK0000943819.json,2026-09-12,"6y window ending 2026, mean_growth=0.1212"
ROK,2025,1.654,SEC XBRL companyfacts,https://data.sec.gov/api/xbrl/companyfacts/CIK0001024478.json,2026-09-12,"6y window ending 2025, mean_growth=0.0607"
ROL,2025,0.1231,SEC XBRL companyfacts,https://data.sec.gov/api/xbrl/companyfacts/CIK0000084839.json,2026-09-12,"6y window ending 2025, mean_growth=0.1173"
ROP,2025,1.1906,SEC XBRL companyfacts,https://data.sec.gov/api/xbrl/companyfacts/CIK0000882835.json,2026-09-12,"6y window ending 2025, mean_growth=0.0774"
ROST,2025,1.4981,SEC XBRL companyfacts,https://data.sec.gov/api/xbrl/companyfacts/CIK0000745732.json,2026-09-12,"6y window ending 2025, mean_growth=0.1403"
RSG,2025,0.5455,SEC XBRL companyfacts,https://data.sec.gov/api/xbrl/companyfacts/CIK0001060391.json,2026-09-12,"6y window ending 2025, mean_growth=0.0970"
RTX,2025,0.6451,SEC XBRL companyfacts,https://data.sec.gov/api/xbrl/companyfacts/CIK0000101829.json,2026-09-12,"6y window ending 2025, mean_growth=0.0952"
RVTY,2025,9.2617,SEC XBRL companyfacts,https://data.sec.gov/api/xbrl/companyfacts/CIK0000031791.json,2026-09-12,"6y window ending 2025, mean_growth=-0.0276"
SBAC,2025,0.9626,SEC XBRL companyfacts,https://data.sec.gov/api/xbrl/companyfacts/CIK0001034054.json,2026-09-12,"6y window ending 2025, mean_growth=0.0635"
SBUX,2025,0.9166,SEC XBRL companyfacts,https://data.sec.gov/api/xbrl/companyfacts/CIK0000829224.json,2026-09-12,"6y window ending 2025, mean_growth=0.0989"
SCHW,2025,1.4652,SEC XBRL companyfacts,https://data.sec.gov/api/xbrl/companyfacts/CIK0000316709.json,2026-09-12,"6y window ending 2025, mean_growth=0.1747"
SHW,2025,0.8706,SEC XBRL companyfacts,https://data.sec.gov/api/xbrl/companyfacts/CIK0000089800.json,2026-09-12,"6y window ending 2025, mean_growth=0.0520"
SLB,2025,1.2467,SEC XBRL companyfacts,https://data.sec.gov/api/xbrl/companyfacts/CIK0000087347.json,2026-09-12,"6y window ending 2025, mean_growth=0.0911"
SMCI,2026,0.4778,SEC XBRL companyfacts,https://data.sec.gov/api/xbrl/companyfacts/CIK0001375365.json,2026-09-12,"6y window ending 2026, mean_growth=0.6359"
SNA,2025,1.172,SEC XBRL companyfacts,https://data.sec.gov/api/xbrl/companyfacts/CIK0000091440.json,2026-09-12,"6y window ending 2025, mean_growth=0.0568"
SNPS,2025,0.4118,SEC XBRL companyfacts,https://data.sec.gov/api/xbrl/companyfacts/CIK0000883241.json,2026-09-12,"6y window ending 2025, mean_growth=0.1399"
SO,2025,1.7153,SEC XBRL companyfacts,https://data.sec.gov/api/xbrl/companyfacts/CIK0000092122.json,2026-09-12,"6y window ending 2025, mean_growth=0.0856"
SPG,2025,0.4188,SEC XBRL companyfacts,https://data.sec.gov/api/xbrl/companyfacts/CIK0001063761.json,2026-09-12,"6y window ending 2025, mean_growth=0.0670"
SPGI,2025,0.5655,SEC XBRL companyfacts,https://data.sec.gov/api/xbrl/companyfacts/CIK0000064040.json,2026-09-12,"6y window ending 2025, mean_growth=0.1837"
SRE,2025,3.1642,SEC XBRL companyfacts,https://data.sec.gov/api/xbrl/companyfacts/CIK0001032208.json,2026-09-12,"6y window ending 2025, mean_growth=0.0479"
STE,2026,1.237,SEC XBRL companyfacts,https://data.sec.gov/api/xbrl/companyfacts/CIK0001757898.json,2026-09-12,"6y window ending 2026, mean_growth=0.1486"
STLD,2025,2.2844,SEC XBRL companyfacts,https://data.sec.gov/api/xbrl/companyfacts/CIK0001022671.json,2026-09-12,"6y window ending 2025, mean_growth=0.1881"
STT,2025,1.1975,SEC XBRL companyfacts,https://data.sec.gov/api/xbrl/companyfacts/CIK0000093751.json,2026-09-12,"6y window ending 2025, mean_growth=0.0364"
STX,2027,11.1089,SEC XBRL companyfacts,https://data.sec.gov/api/xbrl/companyfacts/CIK0001137789.json,2026-09-12,"6y window ending 2027, mean_growth=0.0439"
STZ,2026,4.9963,SEC XBRL companyfacts,https://data.sec.gov/api/xbrl/companyfacts/CIK0000016918.json,2026-09-12,"6y window ending 2026, mean_growth=0.0139"
SWK,2025,6.8132,SEC XBRL companyfacts,https://data.sec.gov/api/xbrl/companyfacts/CIK0000093556.json,2026-09-12,"6y window ending 2025, mean_growth=0.0098"
SWKS,2025,4.2157,SEC XBRL companyfacts,https://data.sec.gov/api/xbrl/companyfacts/CIK0000004127.json,2026-09-12,"6y window ending 2025, mean_growth=0.0640"
SYK,2025,0.361,SEC XBRL companyfacts,https://data.sec.gov/api/xbrl/companyfacts/CIK0000310764.json,2026-09-12,"6y window ending 2025, mean_growth=0.1191"
SYY,2026,1.1851,SEC XBRL companyfacts,https://data.sec.gov/api/xbrl/companyfacts/CIK0000096021.json,2026-09-12,"6y window ending 2026, mean_growth=0.1108"
T,2025,2.5062,SEC XBRL companyfacts,https://data.sec.gov/api/xbrl/companyfacts/CIK0000732717.json,2026-09-12,"6y window ending 2025, mean_growth=-0.0523"
TAP,2025,2.398,SEC XBRL companyfacts,https://data.sec.gov/api/xbrl/companyfacts/CIK0000024545.json,2026-09-12,"6y window ending 2025, mean_growth=0.0227"
TDG,2025,0.9136,SEC XBRL companyfacts,https://data.sec.gov/api/xbrl/companyfacts/CIK0001260221.json,2026-09-12,"6y window ending 2025, mean_growth=0.1205"
TDY,2025,1.2553,SEC XBRL companyfacts,https://data.sec.gov/api/xbrl/companyfacts/CIK0001094285.json,2026-09-12,"6y window ending 2025, mean_growth=0.1590"
TECH,2026,1.3352,SEC XBRL companyfacts,https://data.sec.gov/api/xbrl/companyfacts/CIK0000842023.json,2026-09-12,"6y window ending 2026, mean_growth=0.0568"
TEL,2025,1.2998,SEC XBRL companyfacts,https://data.sec.gov/api/xbrl/companyfacts/CIK0001385157.json,2026-09-12,"6y window ending 2025, mean_growth=0.0759"
TER,2025,10.9867,SEC XBRL companyfacts,https://data.sec.gov/api/xbrl/companyfacts/CIK0000097210.json,2026-09-12,"6y window ending 2025, mean_growth=0.0143"
TGT,2025,2.6028,SEC XBRL companyfacts,https://data.sec.gov/api/xbrl/companyfacts/CIK0000027419.json,2026-09-12,"6y window ending 2025, mean_growth=0.0244"
TJX,2017,0.1332,SEC XBRL companyfacts,https://data.sec.gov/api/xbrl/companyfacts/CIK0000109198.json,2026-09-12,"6y window ending 2017, mean_growth=0.0675"
TMO,2025,1.5131,SEC XBRL companyfacts,https://data.sec.gov/api/xbrl/companyfacts/CIK0000097745.json,2026-09-12,"6y window ending 2025, mean_growth=0.0713"
TMUS,2025,1.3955,SEC XBRL companyfacts,https://data.sec.gov/api/xbrl/companyfacts/CIK0001283699.json,2026-09-12,"6y window ending 2025, mean_growth=0.0546"
TPL,2025,1.0362,SEC XBRL companyfacts,https://data.sec.gov/api/xbrl/companyfacts/CIK0001811074.json,2026-09-12,"6y window ending 2025, mean_growth=0.2330"
TPR,2026,1.1012,SEC XBRL companyfacts,https://data.sec.gov/api/xbrl/companyfacts/CIK0001116132.json,2026-09-12,"6y window ending 2026, mean_growth=0.0708"
TRGP,2025,2.7362,SEC XBRL companyfacts,https://data.sec.gov/api/xbrl/companyfacts/CIK0001389170.json,2026-09-12,"6y window ending 2025, mean_growth=0.2626"
TRMB,2025,2.752,SEC XBRL companyfacts,https://data.sec.gov/api/xbrl/companyfacts/CIK0000864749.json,2026-09-12,"6y window ending 2025, mean_growth=0.0285"
TROW,2025,3.4548,SEC XBRL companyfacts,https://data.sec.gov/api/xbrl/companyfacts/CIK0001113169.json,2026-09-12,"6y window ending 2025, mean_growth=0.0413"
TRV,2025,0.3748,SEC XBRL companyfacts,https://data.sec.gov/api/xbrl/companyfacts/CIK0000086312.json,2026-09-12,"6y window ending 2025, mean_growth=0.0887"
TSCO,2025,0.9388,SEC XBRL companyfacts,https://data.sec.gov/api/xbrl/companyfacts/CIK0000916365.json,2026-09-12,"6y window ending 2025, mean_growth=0.0810"
TSLA,2025,1.1585,SEC XBRL companyfacts,https://data.sec.gov/api/xbrl/companyfacts/CIK0001318605.json,2026-09-12,"6y window ending 2025, mean_growth=0.2777"
TSN,2025,1.2241,SEC XBRL companyfacts,https://data.sec.gov/api/xbrl/companyfacts/CIK0000100493.json,2026-09-12,"6y window ending 2025, mean_growth=0.0488"
TT,2025,0.2161,SEC XBRL companyfacts,https://data.sec.gov/api/xbrl/companyfacts/CIK0001466258.json,2026-09-12,"6y window ending 2025, mean_growth=0.1137"
TTD,2025,0.3333,SEC XBRL companyfacts,https://data.sec.gov/api/xbrl/companyfacts/CIK0001671933.json,2026-09-12,"6y window ending 2025, mean_growth=0.2848"
TTWO,2026,1.3489,SEC XBRL companyfacts,https://data.sec.gov/api/xbrl/companyfacts/CIK0000946581.json,2026-09-12,"6y window ending 2026, mean_growth=0.1600"
TXN,2025,3.2299,SEC XBRL companyfacts,https://data.sec.gov/api/xbrl/companyfacts/CIK0000097476.json,2026-09-12,"6y window ending 2025, mean_growth=0.0517"
TXT,2025,0.6176,SEC XBRL companyfacts,https://data.sec.gov/api/xbrl/companyfacts/CIK0000217346.json,2026-09-12,"6y window ending 2025, mean_growth=0.0494"
TYL,2025,0.9073,SEC XBRL companyfacts,https://data.sec.gov/api/xbrl/companyfacts/CIK0000860731.json,2026-09-12,"6y window ending 2025, mean_growth=0.1658"
UAL,2025,1.0227,SEC XBRL companyfacts,https://data.sec.gov/api/xbrl/companyfacts/CIK0000100517.json,2026-09-12,"6y window ending 2025, mean_growth=0.3443"
UBER,2025,0.7762,SEC XBRL companyfacts,https://data.sec.gov/api/xbrl/companyfacts/CIK0001543151.json,2026-09-12,"6y window ending 2025, mean_growth=0.3850"
UDR,2025,0.93,SEC XBRL companyfacts,https://data.sec.gov/api/xbrl/companyfacts/CIK0000074208.json,2026-09-12,"6y window ending 2025, mean_growth=0.0679"
UHS,2025,0.2468,SEC XBRL companyfacts,https://data.sec.gov/api/xbrl/companyfacts/CIK0000352915.json,2026-09-12,"6y window ending 2025, mean_growth=0.0850"
ULTA,2025,0.9536,SEC XBRL companyfacts,https://data.sec.gov/api/xbrl/companyfacts/CIK0001403568.json,2026-09-12,"6y window ending 2025, mean_growth=0.1577"
UNH,2025,0.2154,SEC XBRL companyfacts,https://data.sec.gov/api/xbrl/companyfacts/CIK0000731766.json,2026-09-12,"6y window ending 2025, mean_growth=0.1174"
UNP,2025,1.5483,SEC XBRL companyfacts,https://data.sec.gov/api/xbrl/companyfacts/CIK0000100885.json,2026-09-12,"6y window ending 2025, mean_growth=0.0486"
UPS,2025,7.1881,SEC XBRL companyfacts,https://data.sec.gov/api/xbrl/companyfacts/CIK0001090727.json,2026-09-12,"6y window ending 2025, mean_growth=0.0124"
URI,2025,0.5712,SEC XBRL companyfacts,https://data.sec.gov/api/xbrl/companyfacts/CIK0001067701.json,2026-09-12,"6y window ending 2025, mean_growth=0.1376"
USB,2025,1.5932,SEC XBRL companyfacts,https://data.sec.gov/api/xbrl/companyfacts/CIK0000036104.json,2026-09-12,"6y window ending 2025, mean_growth=0.0648"
V,2025,0.3767,SEC XBRL companyfacts,https://data.sec.gov/api/xbrl/companyfacts/CIK0001403161.json,2026-09-12,"6y window ending 2025, mean_growth=0.1294"
VEEV,2026,0.9447,SEC XBRL companyfacts,https://data.sec.gov/api/xbrl/companyfacts/CIK0001393052.json,2026-09-12,"6y window ending 2026, mean_growth=0.2526"
VICI,2025,0.9646,SEC XBRL companyfacts,https://data.sec.gov/api/xbrl/companyfacts/CIK0001705696.json,2026-09-12,"6y window ending 2025, mean_growth=0.2900"
VMC,2025,1.2273,SEC XBRL companyfacts,https://data.sec.gov/api/xbrl/companyfacts/CIK0001396009.json,2026-09-12,"6y window ending 2025, mean_growth=0.1097"
VMRK,2019,8.2083,SEC XBRL companyfacts,https://data.sec.gov/api/xbrl/companyfacts/CIK0000906107.json,2026-09-12,"6y window ending 2019, mean_growth=0.0086"
VRSK,2025,4.3204,SEC XBRL companyfacts,https://data.sec.gov/api/xbrl/companyfacts/CIK0001442145.json,2026-09-12,"6y window ending 2025, mean_growth=0.0249"
VRSN,2025,0.227,SEC XBRL companyfacts,https://data.sec.gov/api/xbrl/companyfacts/CIK0001014473.json,2026-09-12,"6y window ending 2025, mean_growth=0.0555"
VRT,2025,0.3061,SEC XBRL companyfacts,https://data.sec.gov/api/xbrl/companyfacts/CIK0001674101.json,2026-09-12,"6y window ending 2025, mean_growth=0.1865"
VRTX,2025,0.3912,SEC XBRL companyfacts,https://data.sec.gov/api/xbrl/companyfacts/CIK0000875320.json,2026-09-12,"6y window ending 2025, mean_growth=0.1421"
VST,2025,0.6104,SEC XBRL companyfacts,https://data.sec.gov/api/xbrl/companyfacts/CIK0001692819.json,2026-09-12,"6y window ending 2025, mean_growth=0.0928"
VTR,2025,0.6878,SEC XBRL companyfacts,https://data.sec.gov/api/xbrl/companyfacts/CIK0000740260.json,2026-09-12,"6y window ending 2025, mean_growth=0.0912"
VTRS,2025,4.4106,SEC XBRL companyfacts,https://data.sec.gov/api/xbrl/companyfacts/CIK0001792044.json,2026-09-12,"6y window ending 2025, mean_growth=0.0561"
VZ,2025,1.563,SEC XBRL companyfacts,https://data.sec.gov/api/xbrl/companyfacts/CIK0000732712.json,2026-09-12,"6y window ending 2025, mean_growth=0.0152"
WAB,2025,0.5504,SEC XBRL companyfacts,https://data.sec.gov/api/xbrl/companyfacts/CIK0000943452.json,2026-09-12,"6y window ending 2025, mean_growth=0.0820"
WAT,2025,1.1901,SEC XBRL companyfacts,https://data.sec.gov/api/xbrl/companyfacts/CIK0001000697.json,2026-09-12,"6y window ending 2025, mean_growth=0.0620"
WBD,2025,1.8962,SEC XBRL companyfacts,https://data.sec.gov/api/xbrl/companyfacts/CIK0001437107.json,2026-09-12,"6y window ending 2025, mean_growth=0.4077"
WDAY,2026,0.1719,SEC XBRL companyfacts,https://data.sec.gov/api/xbrl/companyfacts/CIK0001327811.json,2026-09-12,"6y window ending 2026, mean_growth=0.1724"
WDC,2026,16.1424,SEC XBRL companyfacts,https://data.sec.gov/api/xbrl/companyfacts/CIK0000106040.json,2026-09-12,"6y window ending 2026, mean_growth=-0.0178"
WEC,2025,1.6516,SEC XBRL companyfacts,https://data.sec.gov/api/xbrl/companyfacts/CIK0000783325.json,2026-09-12,"6y window ending 2025, mean_growth=0.0671"
WELL,2025,0.6335,SEC XBRL companyfacts,https://data.sec.gov/api/xbrl/companyfacts/CIK0000766704.json,2026-09-12,"6y window ending 2025, mean_growth=0.1916"
WM,2025,0.5113,SEC XBRL companyfacts,https://data.sec.gov/api/xbrl/companyfacts/CIK0000823768.json,2026-09-12,"6y window ending 2025, mean_growth=0.1073"
WMB,2025,1.664,SEC XBRL companyfacts,https://data.sec.gov/api/xbrl/companyfacts/CIK0000107263.json,2026-09-12,"6y window ending 2025, mean_growth=0.1008"
WMT,2026,0.3275,SEC XBRL companyfacts,https://data.sec.gov/api/xbrl/companyfacts/CIK0000104169.json,2026-09-12,"6y window ending 2026, mean_growth=0.0500"
WRB,2025,1.0503,SEC XBRL companyfacts,https://data.sec.gov/api/xbrl/companyfacts/CIK0000011544.json,2026-09-12,"6y window ending 2025, mean_growth=0.1459"
WSM,2025,3.4827,SEC XBRL companyfacts,https://data.sec.gov/api/xbrl/companyfacts/CIK0000719955.json,2026-09-12,"6y window ending 2025, mean_growth=0.0337"
WST,2025,1.6882,SEC XBRL companyfacts,https://data.sec.gov/api/xbrl/companyfacts/CIK0000105770.json,2026-09-12,"6y window ending 2025, mean_growth=0.0807"
WTW,2025,1.2095,SEC XBRL companyfacts,https://data.sec.gov/api/xbrl/companyfacts/CIK0001140536.json,2026-09-12,"6y window ending 2025, mean_growth=0.0270"
WYNN,2018,4.1365,SEC XBRL companyfacts,https://data.sec.gov/api/xbrl/companyfacts/CIK0001174922.json,2026-09-12,"6y window ending 2018, mean_growth=0.0580"
XEL,2018,3.8206,SEC XBRL companyfacts,https://data.sec.gov/api/xbrl/companyfacts/CIK0000072903.json,2026-09-12,"6y window ending 2018, mean_growth=0.0120"
XYL,2025,0.8747,SEC XBRL companyfacts,https://data.sec.gov/api/xbrl/companyfacts/CIK0001524472.json,2026-09-12,"6y window ending 2025, mean_growth=0.1360"
XYZ,2025,1.4959,SEC XBRL companyfacts,https://data.sec.gov/api/xbrl/companyfacts/CIK0001512673.json,2026-09-12,"6y window ending 2025, mean_growth=0.2412"
YUM,2025,0.6728,SEC XBRL companyfacts,https://data.sec.gov/api/xbrl/companyfacts/CIK0001041061.json,2026-09-12,"6y window ending 2025, mean_growth=0.0786"
ZBH,2025,2.4899,SEC XBRL companyfacts,https://data.sec.gov/api/xbrl/companyfacts/CIK0001136869.json,2026-09-12,"6y window ending 2025, mean_growth=0.0354"
ZBRA,2025,3.325,SEC XBRL companyfacts,https://data.sec.gov/api/xbrl/companyfacts/CIK0000877212.json,2026-09-12,"6y window ending 2025, mean_growth=0.0511"
ZTS,2025,0.7595,SEC XBRL companyfacts,https://data.sec.gov/api/xbrl/companyfacts/CIK0001555280.json,2026-09-12,"6y window ending 2025, mean_growth=0.0735"
