ticker,cik,name,valid_from,valid_to,kind
MMM,0000066740,3M CO,,,current
MMM,0000066740,MINNESOTA MINING & MANUFACTURING CO,1993-08-13,2002-02-06,former
AOS,0000091142,SMITH A O CORP,,,current
ABT,0000001800,ABBOTT LABORATORIES,,,current
ABBV,0001551152,AbbVie Inc.,,,current
ACN,0001467373,Accenture plc,,,current
ADBE,0000796343,ADOBE INC.,,,current
ADBE,0000796343,ADOBE SYSTEMS INC,1994-09-09,2018-10-03,former
AMD,0000002488,ADVANCED MICRO DEVICES INC,,,current
AES,0000874761,AES CORP,,,current
AFL,0000004977,AFLAC INC,,,current
A,0001090872,"AGILENT TECHNOLOGIES, INC.",,,current
APD,0000002969,"Air Products & Chemicals, Inc.",,,current
ABNB,0001559720,"Airbnb, Inc.",,,current
AKAM,0001086222,AKAMAI TECHNOLOGIES INC,,,current
ALB,0000915913,ALBEMARLE CORP,,,current
ARE,0001035443,"ALEXANDRIA REAL ESTATE EQUITIES, INC.",,,current
ALGN,0001097149,ALIGN TECHNOLOGY INC,,,current
ALLE,0001579241,Allegion plc,,,current
LNT,0000352541,ALLIANT ENERGY CORP,,,current
LNT,0000352541,INTERSTATE ENERGY CORP,1998-05-27,1999-05-13,former
LNT,0000352541,WPL HOLDINGS INC,1994-11-14,1998-02-23,former
ALL,0000899051,ALLSTATE CORP,,,current
GOOGL,0001652044,Alphabet Inc.,,,current
GOOG,0001652044,Alphabet Inc.,,,current
MO,0000764180,"ALTRIA GROUP, INC.",,,current
MO,0000764180,PHILIP MORRIS COMPANIES INC,1994-04-13,2003-01-02,former
AMZN,0001018724,AMAZON COM INC,,,current
AMCR,0001748790,Amcor plc,,,current
AMCR,0001748790,ARCTIC JERSEY Ltd,2018-08-06,2018-10-12,former
AEE,0001002910,AMEREN CORP,,,current
AEP,0000004904,AMERICAN ELECTRIC POWER CO INC,,,current
AXP,0000004962,AMERICAN EXPRESS CO,,,current
AIG,0000005272,"AMERICAN INTERNATIONAL GROUP, INC.",,,current
AMT,0001053507,AMERICAN TOWER CORP /MA/,,,current
AMT,0001053507,AMERICAN TOWER SYSTEMS CORP,1998-02-13,1998-05-08,former
AWK,0001410636,"American Water Works Company, Inc.",,,current
AMP,0000820027,AMERIPRISE FINANCIAL INC,,,current
AMP,0000820027,AMERICAN EXPRESS FINANCIAL CORP,2003-05-14,2005-07-26,former
AMP,0000820027,AMERICAN EXPRESS FINANCIAL ADVISORS,1995-10-25,2003-03-10,former
AMP,0000820027,IDS FINANCIAL CORP/MN/,1994-02-14,1995-02-06,former
AME,0001037868,AMETEK INC/,,,current
AMGN,0000318154,AMGEN INC,,,current
APH,0000820313,AMPHENOL CORP /DE/,,,current
ADI,0000006281,ANALOG DEVICES INC,,,current
AON,0000315293,Aon plc,,,current
APA,0001841666,APA Corp,,,current
APO,0001858681,"Apollo Global Management, Inc.",,,current
APO,0001858681,"Tango Holdings, Inc.",2021-05-07,2021-11-05,former
AAPL,0000320193,Apple Inc.,,,current
AAPL,0000320193,APPLE COMPUTER INC,1994-01-26,2007-01-04,former
AAPL,0000320193,APPLE COMPUTER INC/ FA,1997-07-28,1997-07-28,former
AMAT,0000006951,APPLIED MATERIALS INC /DE,,,current
APP,0001751008,AppLovin Corp,,,current
APTV,0001521332,Aptiv PLC,,,current
APTV,0001521332,Delphi Automotive PLC,2011-05-25,2017-11-29,former
ACGL,0000947484,ARCH CAPITAL GROUP LTD.,,,current
ACGL,0000947484,RISK CAPITAL HOLDINGS INC,1996-11-07,2000-03-16,former
ADM,0000007084,Archer-Daniels-Midland Co,,,current
ARES,0001176948,Ares Management Corp,,,current
ANET,0001596532,"Arista Networks, Inc.",,,current
AJG,0000354190,Arthur J. Gallagher & Co.,,,current
AJG,0000354190,GALLAGHER ARTHUR J & CO,1994-01-25,2019-08-14,former
AIZ,0001267238,"ASSURANT, INC.",,,current
T,0000732717,AT&T INC.,,,current
T,0000732717,SBC COMMUNICATIONS INC,1995-05-26,2005-11-18,former
T,0000732717,SOUTHWESTERN BELL CORP,1994-06-24,1995-04-26,former
ATO,0000731802,ATMOS ENERGY CORP,,,current
ADSK,0000769397,"Autodesk, Inc.",,,current
ADP,0000008670,AUTOMATIC DATA PROCESSING INC,,,current
AZO,0000866787,AUTOZONE INC,,,current
AVY,0000008818,Avery Dennison Corp,,,current
AXON,0001069183,"AXON ENTERPRISE, INC.",,,current
AXON,0001069183,TASER INTERNATIONAL INC,2001-05-07,2017-03-23,former
BKR,0001701605,Baker Hughes Co,,,current
BKR,0001701605,Baker Hughes a GE Co,2017-04-26,2019-10-10,former
BKR,0001701605,"Bear Newco, Inc.",2017-03-29,2017-05-30,former
BALL,0000009389,BALL Corp,,,current
BAC,0000070858,BANK OF AMERICA CORP /DE/,,,current
BAC,0000070858,BANKAMERICA CORP/DE/,1998-10-30,1999-04-23,former
BAC,0000070858,NATIONSBANK CORP,1994-05-13,1998-09-28,former
BAX,0000010456,BAXTER INTERNATIONAL INC,,,current
BDX,0000010795,BECTON DICKINSON & CO,,,current
BRK.B,0001067983,BERKSHIRE HATHAWAY INC,,,current
BRK.B,0001067983,NBH INC,1998-08-10,1999-01-05,former
BBY,0000764478,BEST BUY CO INC,,,current
TECH,0000842023,BIO-TECHNE Corp,,,current
TECH,0000842023,TECHNE CORP /MN/,1995-09-20,2014-10-28,former
BIIB,0000875045,BIOGEN INC.,,,current
BIIB,0000875045,BIOGEN IDEC INC.,2007-01-17,2015-03-20,former
BIIB,0000875045,IDEC PHARMACEUTICALS CORP / DE,1997-10-01,2003-11-12,former
BIIB,0000875045,IDEC PHARMACEUTICALS CORP / CA,1996-07-10,1997-02-14,former
BLK,0002012383,"BlackRock, Inc.",,,current
BLK,0002012383,"BlackRock Funding, Inc. /DE",2024-02-20,2024-10-01,former
BX,0001393818,Blackstone Inc.,,,current
BX,0001393818,Blackstone Group Inc,2019-07-01,2021-08-05,former
BX,0001393818,Blackstone Group L.P.,2007-03-22,2019-06-28,former
XYZ,0001512673,"Block, Inc.",,,current
XYZ,0001512673,"Square, Inc.",2011-03-02,2021-12-08,former
BNY,0001390777,Bank of New York Mellon Corp,,,current
BA,0000012927,BOEING CO,,,current
BKNG,0001075531,Booking Holdings Inc.,,,current
BKNG,0001075531,Priceline Group Inc.,2014-04-01,2018-02-16,former
BKNG,0001075531,PRICELINE COM INC,1998-12-23,2014-03-19,former
BSX,0000885725,BOSTON SCIENTIFIC CORP,,,current
BMY,0000014272,BRISTOL MYERS SQUIBB CO,,,current
AVGO,0001730168,Broadcom Inc.,,,current
BR,0001383312,"BROADRIDGE FINANCIAL SOLUTIONS, INC.",,,current
BR,0001383312,BSG LLC,2006-12-19,2006-12-19,former
BRO,0000079282,"BROWN & BROWN, INC.",,,current
BRO,0000079282,POE & BROWN INC,1994-02-14,1999-03-15,former
BF.B,0000014693,BROWN FORMAN CORP,,,current
BLDR,0001316835,"Builders FirstSource, Inc.",,,current
BG,0001996862,Bunge Global SA,,,current
BXP,0001037540,"BXP, Inc.",,,current
BXP,0001037540,BOSTON PROPERTIES INC,1997-12-16,2024-06-20,former
CHRW,0001043277,"C. H. ROBINSON WORLDWIDE, INC.",,,current
CDNS,0000813672,CADENCE DESIGN SYSTEMS INC,,,current
CPT,0000906345,CAMDEN PROPERTY TRUST,,,current
COF,0000927628,CAPITAL ONE FINANCIAL CORP,,,current
CAH,0000721371,CARDINAL HEALTH INC,,,current
CAH,0000721371,CARDINAL DISTRIBUTION INC,1994-02-16,1994-02-17,former
CCL,0000815097,Carnival Corp Ltd.,,,current
CCL,0000815097,CARNIVAL CRUISE LINES INC,1994-01-21,1994-01-21,former
CARR,0001783180,CARRIER GLOBAL Corp,,,current
CVNA,0001690820,CARVANA CO.,,,current
CASY,0000726958,CASEYS GENERAL STORES INC,,,current
CAT,0000018230,CATERPILLAR INC,,,current
CBOE,0001374310,"Cboe Global Markets, Inc.",,,current
CBOE,0001374310,"CBOE Holdings, Inc.",2007-01-25,2017-10-13,former
CBRE,0001138118,"CBRE GROUP, INC.",,,current
CBRE,0001138118,CB RICHARD ELLIS GROUP INC,2004-02-18,2011-09-09,former
CBRE,0001138118,CB RICHARD ELLIS SERVICES INC,2004-02-17,2004-02-17,former
CBRE,0001138118,CBRE HOLDING INC,2001-07-16,2003-12-05,former
CDW,0001402057,CDW Corp,,,current
CDW,0001402057,"VH Holdings, Inc.",2007-06-08,2007-06-08,former
COR,0001140859,"Cencora, Inc.",,,current
COR,0001140859,AMERISOURCEBERGEN CORP,2001-10-19,2023-08-15,former
COR,0001140859,AMERISOURCE BERGEN CORP,2001-06-05,2001-10-09,former
CNC,0001071739,CENTENE CORP,,,current
CNP,0001130310,CENTERPOINT ENERGY INC,,,current
CNP,0001130310,RELIANT ENERGY REGCO INC,2001-09-17,2001-09-17,former
CF,0001324404,"CF Industries Holdings, Inc.",,,current
CRL,0001100682,"CHARLES RIVER LABORATORIES INTERNATIONAL, INC.",,,current
CRL,0001100682,CHARLES RIVER LABORATORIES HOLDINGS INC,1999-12-08,2000-01-28,former
SCHW,0000316709,SCHWAB CHARLES CORP,,,current
CHTR,0001091667,"CHARTER COMMUNICATIONS, INC. /MO/",,,current
CVX,0000093410,CHEVRON CORP,,,current
CVX,0000093410,CHEVRONTEXACO CORP,2001-11-01,2005-05-04,former
CMG,0001058090,CHIPOTLE MEXICAN GRILL INC,,,current
CB,0000896159,Chubb Ltd,,,current
CB,0000896159,ACE LTD,2009-12-17,2016-01-15,former
CHD,0000313927,CHURCH & DWIGHT CO INC /DE/,,,current
CIEN,0000936395,CIENA CORP,,,current
CI,0001739940,Cigna Group,,,current
CI,0001739940,Cigna Corp,2018-12-26,2023-02-09,former
CI,0001739940,"Halfmoon Parent, Inc.",2018-05-16,2018-12-20,former
CINF,0000020286,CINCINNATI FINANCIAL CORP,,,current
CTAS,0000723254,CINTAS CORP,,,current
CSCO,0000858877,"CISCO SYSTEMS, INC.",,,current
C,0000831001,CITIGROUP INC,,,current
C,0000831001,TRAVELERS GROUP INC,1995-11-13,1998-09-10,former
C,0000831001,TRAVELERS INC,1994-02-10,1995-01-30,former
CFG,0000759944,CITIZENS FINANCIAL GROUP INC/RI,,,current
CFG,0000759944,CITIZENS FINANCIAL GROUP INC/DE,1999-07-01,2000-02-08,former
CLX,0000021076,CLOROX CO /DE/,,,current
CME,0001156375,CME GROUP INC.,,,current
CME,0001156375,CHICAGO MERCANTILE EXCHANGE HOLDINGS INC,2001-08-07,2007-07-13,former
CMS,0000811156,CMS ENERGY CORP,,,current
KO,0000021344,COCA COLA CO,,,current
CTSH,0001058290,COGNIZANT TECHNOLOGY SOLUTIONS CORP,,,current
COHR,0000820318,COHERENT CORP.,,,current
COHR,0000820318,II-VI INC,1995-10-04,2022-09-01,former
COIN,0001679788,"Coinbase Global, Inc.",,,current
CL,0000021665,COLGATE PALMOLIVE CO,,,current
CMCSA,0001166691,COMCAST CORP,,,current
CMCSA,0001166691,AT&T COMCAST CORP,2002-04-10,2002-11-18,former
FIX,0001035983,COMFORT SYSTEMS USA INC,,,current
COP,0001163165,CONOCOPHILLIPS,,,current
COP,0001163165,CORVETTEPORSCHE CORP,2001-12-07,2001-12-07,former
ED,0001047862,CONSOLIDATED EDISON INC,,,current
STZ,0000016918,"CONSTELLATION BRANDS, INC.",,,current
STZ,0000016918,CANANDAIGUA BRANDS INC,1997-12-23,2000-01-14,former
STZ,0000016918,CANANDAIGUA WINE CO INC,1994-10-19,1997-01-31,former
CEG,0001868275,Constellation Energy Corp,,,current
CEG,0001868275,"Constellation Newholdco, Inc.",2021-07-26,2021-11-12,former
COO,0000711404,"COOPER COMPANIES, INC.",,,current
CPRT,0000900075,COPART INC,,,current
GLW,0000024741,CORNING INC /NY,,,current
CPAY,0001175454,"CORPAY, INC.",,,current
CPAY,0001175454,FLEETCOR TECHNOLOGIES INC,2002-06-03,2024-03-14,former
CTVA,0001755672,"Corteva, Inc.",,,current
CSGP,0001057352,"COSTAR GROUP, INC.",,,current
CSGP,0001057352,REALTY INFORMATION GROUP INC,1998-07-17,1999-05-05,former
COST,0000909832,COSTCO WHOLESALE CORP /NEW,,,current
COST,0000909832,COSTCO COMPANIES INC,1997-12-18,1999-06-29,former
COST,0000909832,PRICE/COSTCO INC,1994-01-05,1997-01-06,former
CRH,0000849395,CRH PUBLIC LTD CO,,,current
CRWD,0001535527,"CrowdStrike Holdings, Inc.",,,current
CCI,0001051470,CROWN CASTLE INC.,,,current
CCI,0001051470,CROWN CASTLE INTERNATIONAL CORP,1998-01-08,2022-07-25,former
CSX,0000277948,CSX CORP,,,current
CMI,0000026172,CUMMINS INC,,,current
CMI,0000026172,CUMMINS ENGINE CO INC,1994-03-10,2001-08-29,former
CVS,0000064803,CVS HEALTH Corp,,,current
CVS,0000064803,CVS CAREMARK CORP,2006-12-27,2014-09-03,former
CVS,0000064803,CVS CORP,1997-02-07,2007-03-22,former
CVS,0000064803,MELVILLE CORP,1994-03-31,1997-01-10,former
DHR,0000313616,DANAHER CORP /DE/,,,current
DRI,0000940944,DARDEN RESTAURANTS INC,,,current
DDOG,0001561550,"Datadog, Inc.",,,current
DVA,0000927066,DAVITA INC.,,,current
DVA,0000927066,DAVITA HEALTHCARE PARTNERS INC.,2012-08-02,2016-08-12,former
DVA,0000927066,TOTAL RENAL CARE HOLDINGS INC,1996-08-14,2000-01-28,former
DECK,0000910521,DECKERS OUTDOOR CORP,,,current
DE,0000315189,DEERE & CO,,,current
DELL,0001571996,Dell Technologies Inc.,,,current
DELL,0001571996,Denali Holding Inc.,2013-07-24,2016-07-21,former
DAL,0000027904,"DELTA AIR LINES, INC.",,,current
DVN,0001090012,DEVON ENERGY CORP/DE,,,current
DVN,0001090012,DEVON DELAWARE CORP,1999-08-19,1999-08-16,former
DXCM,0001093557,DEXCOM INC,,,current
FANG,0001539838,"Diamondback Energy, Inc.",,,current
DLR,0001297996,"DIGITAL REALTY TRUST, INC.",,,current
DG,0000029534,DOLLAR GENERAL CORP,,,current
DLTR,0000935703,"DOLLAR TREE, INC.",,,current
DLTR,0000935703,DOLLAR TREE STORES INC,1996-12-09,2008-03-28,former
D,0000715957,"DOMINION ENERGY, INC",,,current
D,0000715957,DOMINION ENERGY INC /VA/,2017-05-15,2019-10-03,former
D,0000715957,DOMINION RESOURCES INC /VA/,1995-02-21,2017-05-15,former
DPZ,0001286681,DOMINOS PIZZA INC,,,current
DASH,0001792789,"DoorDash, Inc.",,,current
DOV,0000029905,DOVER Corp,,,current
DOW,0001751788,DOW INC.,,,current
DOW,0001751788,Dow Holdings Inc.,2018-09-07,2019-02-12,former
DHI,0000882184,HORTON D R INC /DE/,,,current
DTE,0000936340,DTE ENERGY CO,,,current
DTE,0000936340,DTE HOLDINGS INC,1995-03-09,1995-02-01,former
DUK,0001326160,Duke Energy CORP,,,current
DUK,0001326160,Duke Energy Holding Corp.,2005-07-01,2006-04-03,former
DUK,0001326160,Deer Holding Corp.,2005-05-09,2005-06-22,former
DD,0001666700,"DuPont de Nemours, Inc.",,,current
DD,0001666700,DowDuPont Inc.,2016-03-01,2019-05-31,former
ETN,0001551182,Eaton Corp plc,,,current
EBAY,0001065088,EBAY INC,,,current
ECHO,0001415404,EchoStar CORP,,,current
ECHO,0001415404,EchoStar Holding CORP,2007-11-06,2008-01-11,former
ECL,0000031462,ECOLAB INC.,,,current
EIX,0000827052,EDISON INTERNATIONAL,,,current
EIX,0000827052,SCECORP,1994-02-14,1996-01-12,former
EW,0001099800,Edwards Lifesciences Corp,,,current
EW,0001099800,CVG CONTROLLED INC,1999-12-08,2000-01-21,former
ELV,0001156039,"Elevance Health, Inc.",,,current
ELV,0001156039,"Anthem, Inc.",2014-12-02,2022-06-24,former
ELV,0001156039,"WELLPOINT, INC",2010-01-06,2014-11-12,former
EME,0000105634,"EMCOR Group, Inc.",,,current
EME,0000105634,JWP INC/DE/,1994-01-07,1994-11-21,former
EMR,0000032604,EMERSON ELECTRIC CO,,,current
ETR,0000065984,ENTERGY CORP /DE/,,,current
ETR,0000065984,ENTERGY CORP/FL,1994-02-14,1994-02-09,former
EOG,0000821189,EOG RESOURCES INC,,,current
EOG,0000821189,ENRON OIL & GAS CO,1994-02-08,1999-08-10,former
EQT,0000033213,EQT Corp,,,current
EQT,0000033213,EQUITABLE RESOURCES INC /PA/,1994-05-18,2009-02-04,former
EFX,0000033185,EQUIFAX INC,,,current
EQIX,0001101239,EQUINIX INC,,,current
ERIE,0000922621,ERIE INDEMNITY CO,,,current
ESS,0000920522,"ESSEX PROPERTY TRUST, INC.",,,current
ESS,0000920522,ESSEX PORTFOLIO LP,2018-12-11,2018-12-11,former
EL,0001001250,ESTEE LAUDER COMPANIES INC,,,current
EG,0001095073,"EVEREST GROUP, LTD.",,,current
EG,0001095073,EVEREST RE GROUP LTD,2000-04-10,2023-07-06,former
EG,0001095073,EVEREST REINSURANCE GROUP LTD,1999-12-22,2000-03-08,former
EVRG,0001711269,"Evergy, Inc.",,,current
EVRG,0001711269,"Monarch Energy Holding, Inc.",2017-07-10,2017-11-16,former
ES,0000072741,EVERSOURCE ENERGY,,,current
ES,0000072741,NORTHEAST UTILITIES,1994-07-28,2015-04-29,former
ES,0000072741,NORTHEAST UTILITIES SYSTEM,1996-11-27,2004-11-30,former
EXC,0001109357,EXELON CORP,,,current
EXE,0000895126,EXPAND ENERGY Corp,,,current
EXE,0000895126,CHESAPEAKE ENERGY CORP,1995-12-11,2024-09-26,former
EXPE,0001324424,"Expedia Group, Inc.",,,current
EXPE,0001324424,"Expedia, Inc.",2005-04-25,2018-03-20,former
EXPD,0000746515,EXPEDITORS INTERNATIONAL OF WASHINGTON INC,,,current
EXR,0001289490,Extra Space Storage Inc.,,,current
XOM,0002115436,ExxonMobil Holdings Corp,,,current
FFIV,0001048695,"F5, INC.",,,current
FFIV,0001048695,"F5 NETWORKS, INC.",2019-07-03,2021-11-12,former
FDS,0001013237,FACTSET RESEARCH SYSTEMS INC,,,current
FICO,0000814547,FAIR ISAAC CORP,,,current
FAST,0000815556,FASTENAL CO,,,current
FRT,0000034903,FEDERAL REALTY INVESTMENT TRUST,,,current
FDX,0001048911,FEDEX CORP,,,current
FDX,0001048911,FDX CORP,1997-11-04,2000-02-10,former
FDXF,0002082247,"FedEx Freight Holding Company, Inc.",,,current
FERG,0002011641,Ferguson Enterprises Inc. /DE/,,,current
FIS,0001136893,"Fidelity National Information Services, Inc.",,,current
FIS,0001136893,CERTEGY INC,2001-07-20,2006-02-01,former
FIS,0001136893,EQUIFAX PS INC,2001-04-03,2001-05-18,former
FITB,0000035527,FIFTH THIRD BANCORP,,,current
FSLR,0001274494,"FIRST SOLAR, INC.",,,current
FSLR,0001274494,FIRST SOLAR HOLDINGS LLC,2003-12-23,2003-12-23,former
FE,0001031296,FIRSTENERGY CORP,,,current
FISV,0000798354,FISERV INC,,,current
FLEX,0000866374,FLEX LTD.,,,current
FLEX,0000866374,FLEXTRONICS INTERNATIONAL LTD.,2006-07-05,2016-09-06,former
F,0000037996,FORD MOTOR CO,,,current
FTNT,0001262039,"Fortinet, Inc.",,,current
FTV,0001659166,Fortive Corp,,,current
FOXA,0001754301,Fox Corp,,,current
FOX,0001754301,Fox Corp,,,current
BEN,0000038777,FRANKLIN TEMPLETON INC,,,current
BEN,0000038777,FRANKLIN RESOURCES INC,1994-11-10,2026-08-14,former
FCX,0000831259,FREEPORT-MCMORAN INC,,,current
FCX,0000831259,FREEPORT MCMORAN COPPER & GOLD INC,1994-01-12,2014-07-02,former
GRMN,0001121788,GARMIN LTD,,,current
IT,0000749251,GARTNER INC,,,current
IT,0000749251,GARTNER GROUP INC,1996-06-11,2001-02-08,former
GE,0000040545,GENERAL ELECTRIC CO,,,current
GEHC,0001932393,GE HealthCare Technologies Inc.,,,current
GEHC,0001932393,GE Healthcare Holding LLC,2022-07-29,2022-12-14,former
GEV,0001996810,GE Vernova Inc.,,,current
GEN,0000849399,Gen Digital Inc.,,,current
GEN,0000849399,NortonLifeLock Inc.,2019-11-04,2022-10-12,former
GEN,0000849399,SYMANTEC CORP,1995-05-09,2019-10-24,former
GNRC,0001474735,GENERAC HOLDINGS INC.,,,current
GD,0000040533,GENERAL DYNAMICS CORP,,,current
GIS,0000040704,GENERAL MILLS INC,,,current
GM,0001467858,General Motors Co,,,current
GPC,0000040987,GENUINE PARTS CO,,,current
GILD,0000882095,"GILEAD SCIENCES, INC.",,,current
GPN,0001123360,GLOBAL PAYMENTS INC,,,current
GL,0000320335,GLOBE LIFE INC.,,,current
GL,0000320335,TORCHMARK CORP,1994-02-22,2019-08-02,former
GDDY,0001609711,GoDaddy Inc.,,,current
GS,0000886982,GOLDMAN SACHS GROUP INC,,,current
HAL,0000045012,HALLIBURTON CO,,,current
HIG,0000874766,"HARTFORD INSURANCE GROUP, INC.",,,current
HIG,0000874766,"HARTFORD FINANCIAL SERVICES GROUP, INC.",2019-06-07,2025-01-30,former
HIG,0000874766,ITT HARTFORD GROUP INC /DE,1996-10-29,1998-02-13,former
HAS,0000046080,"HASBRO, INC.",,,current
HCA,0000860730,"HCA Healthcare, Inc.",,,current
HCA,0000860730,"HCA Holdings, Inc.",2010-06-03,2017-05-05,former
HCA,0000860730,HCA INC/TN,2001-08-07,2010-11-24,former
HCA,0000860730,COLUMBIA HCA HEALTHCARE CORP,2000-05-26,2000-05-19,former
HCA,0000860730,COLUMBIA HEALTHCARE CORP,1994-02-14,1994-03-01,former
DOC,0000765880,"HEALTHPEAK PROPERTIES, INC.",,,current
DOC,0000765880,"HCP, INC.",2007-09-20,2019-10-01,former
DOC,0000765880,HEALTH CARE PROPERTY INVESTORS INC,1994-03-28,2007-09-10,former
HSIC,0001000228,HENRY SCHEIN INC,,,current
HSIC,0001000228,SCHEIN HENRY INC,1996-05-13,2006-06-19,former
HSY,0000047111,HERSHEY CO,,,current
HSY,0000047111,HERSHEY FOODS CORP,1994-07-29,2005-04-20,former
HPE,0001645590,Hewlett Packard Enterprise Co,,,current
HLT,0001585689,Hilton Worldwide Holdings Inc.,,,current
HD,0000354950,"HOME DEPOT, INC.",,,current
HONA,0002089271,Honeywell Aerospace Inc.,,,current
HON,0000773840,HONEYWELL INTERNATIONAL INC,,,current
HON,0000773840,ALLIEDSIGNAL INC,1994-11-07,1999-11-12,former
HON,0000773840,ALLIED SIGNAL INC,1994-06-23,1994-08-15,former
HRL,0000048465,HORMEL FOODS CORP /DE/,,,current
HRL,0000048465,HORMEL GEO A & CO,1994-06-14,1995-03-14,former
HST,0001070750,"HOST HOTELS & RESORTS, INC.",,,current
HST,0001070750,HOST MARRIOTT CORP/,1998-12-31,2006-04-14,former
HST,0001070750,HMC MERGER CORP,1998-10-02,1998-11-10,former
HWM,0000004281,Howmet Aerospace Inc.,,,current
HWM,0000004281,Arconic Inc.,2016-11-01,2020-03-26,former
HWM,0000004281,ALCOA INC.,2014-10-09,2016-10-27,former
HWM,0000004281,ALUMINUM CO OF AMERICA,1994-02-08,1999-01-04,former
HPQ,0000047217,HP INC,,,current
HPQ,0000047217,HEWLETT PACKARD CO,1994-01-26,2015-10-23,former
HUBB,0000048898,HUBBELL INC,,,current
HUM,0000049071,HUMANA INC,,,current
HBAN,0000049196,HUNTINGTON BANCSHARES INC /MD/,,,current
HII,0001501585,"HUNTINGTON INGALLS INDUSTRIES, INC.",,,current
HII,0001501585,"New Ships, Inc.",2010-10-15,2010-11-24,former
IBM,0000051143,INTERNATIONAL BUSINESS MACHINES CORP,,,current
IEX,0000832101,IDEX CORP /DE/,,,current
IDXX,0000874716,IDEXX LABORATORIES INC /DE,,,current
ITW,0000049826,ILLINOIS TOOL WORKS INC,,,current
INCY,0000879169,INCYTE CORP,,,current
INCY,0000879169,INCYTE GENOMICS INC,2000-08-03,2003-02-25,former
INCY,0000879169,INCYTE PHARMACEUTICALS INC,1994-06-07,2000-04-18,former
IR,0001699150,Ingersoll Rand Inc.,,,current
IR,0001699150,"GARDNER DENVER HOLDINGS, INC.",2017-02-28,2020-02-26,former
PODD,0001145197,INSULET CORP,,,current
INTC,0000050863,INTEL CORP,,,current
IBKR,0001381197,"Interactive Brokers Group, Inc.",,,current
ICE,0001571949,"Intercontinental Exchange, Inc.",,,current
ICE,0001571949,"IntercontinentalExchange Group, Inc.",2013-03-20,2014-05-29,former
IFF,0000051253,INTERNATIONAL FLAVORS & FRAGRANCES INC,,,current
IP,0000051434,INTERNATIONAL PAPER CO /NEW/,,,current
INTU,0000896878,INTUIT INC.,,,current
ISRG,0001035267,INTUITIVE SURGICAL INC,,,current
IVZ,0000914208,Invesco Ltd.,,,current
IVZ,0000914208,Invesco Asset Management Deutschland GMBH,2021-11-08,2021-11-08,former
IVZ,0000914208,INVESCO PLC/LONDON/,2007-05-31,2007-12-04,former
IVZ,0000914208,AMVESCAP PLC/LONDON/,1999-12-23,2007-05-24,former
INVH,0001687229,Invitation Homes Inc.,,,current
IQV,0001478242,IQVIA HOLDINGS INC.,,,current
IQV,0001478242,"Quintiles IMS Holdings, Inc.",2016-10-03,2017-11-03,former
IQV,0001478242,Quintiles Transnational Holdings Inc.,2009-12-18,2016-09-22,former
IRM,0001020569,IRON MOUNTAIN INC,,,current
IRM,0001020569,IRON MOUNTAIN INC/PA,2000-02-14,2005-06-09,former
IRM,0001020569,PIERCE LEAHY CORP,1996-11-13,1999-02-16,former
JBHT,0000728535,HUNT J B TRANSPORT SERVICES INC,,,current
JBL,0000898293,JABIL INC,,,current
JBL,0000898293,JABIL CIRCUIT INC,1996-07-15,2017-06-05,former
JKHY,0000779152,JACK HENRY & ASSOCIATES INC,,,current
JKHY,0000779152,HENRY JACK & ASSOCIATES INC,1995-11-14,2023-03-16,former
J,0000052988,JACOBS SOLUTIONS INC.,,,current
J,0000052988,JACOBS ENGINEERING GROUP INC /DE/,1994-05-12,2022-08-19,former
JNJ,0000200406,JOHNSON & JOHNSON,,,current
JNJ,0000200406,JOHNSON & JOHNSON ET AL,1995-10-06,1996-01-23,former
JCI,0000833444,Johnson Controls International plc,,,current
JCI,0000833444,TYCO INTERNATIONAL plc,2014-11-17,2016-09-07,former
JCI,0000833444,TYCO INTERNATIONAL LTD /BER/,1997-08-05,2010-04-07,former
JCI,0000833444,ADT LIMITED,1995-02-15,1997-07-08,former
JPM,0000019617,JPMORGAN CHASE & CO,,,current
JPM,0000019617,J P MORGAN CHASE & CO,2001-02-08,2011-10-06,former
JPM,0000019617,CHASE MANHATTAN CORP /DE/,1996-10-17,2000-11-21,former
JPM,0000019617,CHEMICAL BANKING CORP,1994-02-02,1996-03-28,former
KVUE,0001944048,Kenvue Inc.,,,current
KVUE,0001944048,"JNTL, Inc.",2022-08-30,2022-08-30,former
KDP,0001418135,Keurig Dr Pepper Inc.,,,current
KDP,0001418135,"Dr Pepper Snapple Group, Inc.",2007-12-17,2018-07-02,former
KDP,0001418135,CSAB Inc.,2007-11-13,2007-11-13,former
KEY,0000091576,KEYCORP /NEW/,,,current
KEY,0000091576,SOCIETY CORP,1994-02-15,1994-04-12,former
KEYS,0001601046,"Keysight Technologies, Inc.",,,current
KMB,0000055785,KIMBERLY CLARK CORP,,,current
KIM,0000879101,KIMCO REALTY CORP,,,current
KMI,0001506307,"KINDER MORGAN, INC.",,,current
KMI,0001506307,Kinder Morgan Holdco LLC,2010-11-23,2011-02-11,former
KKR,0001404912,KKR & Co. Inc.,,,current
KKR,0001404912,KKR & Co. L.P.,2007-07-03,2018-06-29,former
KLAC,0000319201,KLA CORP,,,current
KLAC,0000319201,KLA TENCOR CORP,1997-09-10,2019-07-03,former
KLAC,0000319201,KLA INSTRUMENTS CORP,1994-01-26,1997-02-11,former
KHC,0001637459,Kraft Heinz Co,,,current
KHC,0001637459,H.J. Heinz Holding Corp,2015-03-25,2015-07-01,former
KR,0000056873,KROGER CO,,,current
LHX,0000202058,"L3HARRIS TECHNOLOGIES, INC. /DE/",,,current
LHX,0000202058,HARRIS CORP /DE/,1994-09-09,2019-06-25,former
LH,0000920148,LABCORP HOLDINGS INC.,,,current
LH,0000920148,LABORATORY CORP OF AMERICA HOLDINGS,1995-09-26,2024-05-16,former
LH,0000920148,NATIONAL HEALTH LABORATORIES HOLDINGS INC,1994-07-08,1995-02-13,former
LRCX,0000707549,LAM RESEARCH CORP,,,current
LVS,0001300514,LAS VEGAS SANDS CORP,,,current
LDOS,0001336920,"Leidos Holdings, Inc.",,,current
LDOS,0001336920,"SAIC, Inc.",2005-09-01,2013-09-27,former
LEN,0000920760,LENNAR CORP /NEW/,,,current
LEN,0000920760,PACIFIC GREYSTONE CORP /DE/,1996-06-27,1997-09-26,former
LII,0001069202,LENNOX INTERNATIONAL INC,,,current
LLY,0000059478,ELI LILLY & Co,,,current
LLY,0000059478,LILLY ELI & CO,1994-10-26,2019-10-25,former
LLY,0000059478,LILLY ELI & CO ET AL,1994-07-27,1994-10-14,former
LIN,0001707925,LINDE PLC,,,current
LIN,0001707925,ZAMALIGHT PLC,2017-06-01,2017-07-12,former
LYV,0001335258,"Live Nation Entertainment, Inc.",,,current
LYV,0001335258,"Live Nation, Inc.",2005-09-09,2010-01-26,former
LYV,0001335258,"CCE Spinco, Inc.",2005-08-10,2006-01-10,former
LMT,0000936468,LOCKHEED MARTIN CORP,,,current
L,0000060086,LOEWS CORP,,,current
LOW,0000060667,LOWES COMPANIES INC,,,current
LULU,0001397187,lululemon athletica inc.,,,current
LULU,0001397187,Lululemon Corp.,2007-04-30,2007-06-19,former
LITE,0001633978,Lumentum Holdings Inc.,,,current
LYB,0001489393,LyondellBasell Industries N.V.,,,current
MTB,0000036270,M&T BANK CORP,,,current
MTB,0000036270,FIRST EMPIRE STATE CORP,1994-03-10,1998-05-18,former
MPC,0001510295,Marathon Petroleum Corp,,,current
MAR,0001048286,MARRIOTT INTERNATIONAL INC /MD/,,,current
MAR,0001048286,NEW MARRIOTT MI INC,1998-03-16,1998-03-20,former
MRSH,0000062709,"MARSH & MCLENNAN COMPANIES, INC.",,,current
MLM,0000916076,MARTIN MARIETTA MATERIALS INC,,,current
MRVL,0001835632,"Marvell Technology, Inc.",,,current
MAS,0000062996,MASCO CORP /DE/,,,current
MA,0001141391,Mastercard Inc,,,current
MKC,0000063754,MCCORMICK & CO INC,,,current
MCD,0000063908,MCDONALDS CORP,,,current
MCK,0000927653,MCKESSON CORP,,,current
MCK,0000927653,MCKESSON HBOC INC,1999-09-10,2001-08-13,former
MDT,0001613103,Medtronic plc,,,current
MDT,0001613103,Medtronic Holdings Ltd,2014-07-14,2014-11-21,former
MRK,0000310158,"Merck & Co., Inc.",,,current
MRK,0000310158,SCHERING PLOUGH CORP,1994-12-29,2009-10-29,former
META,0001326801,"Meta Platforms, Inc.",,,current
META,0001326801,Facebook Inc,2005-05-06,2021-10-27,former
MET,0001099219,METLIFE INC,,,current
MTD,0001037646,METTLER TOLEDO INTERNATIONAL INC/,,,current
MTD,0001037646,MT INVESTORS INC/,1997-12-16,1998-02-13,former
MGM,0000789570,MGM Resorts International,,,current
MGM,0000789570,MGM MIRAGE,2000-10-16,2010-05-19,former
MGM,0000789570,MGM GRAND INC,1994-03-11,2000-05-19,former
MCHP,0000827054,MICROCHIP TECHNOLOGY INC,,,current
MU,0000723125,MICRON TECHNOLOGY INC,,,current
MSFT,0000789019,MICROSOFT CORP,,,current
MAA,0000912595,MID AMERICA APARTMENT COMMUNITIES INC.,,,current
MRNA,0001682852,"Moderna, Inc.",,,current
MRNA,0001682852,"Moderna Therapeutics, Inc.",2016-08-24,2016-08-24,former
TAP,0000024545,MOLSON COORS BEVERAGE CO,,,current
TAP,0000024545,MOLSON COORS BREWING CO,2005-02-07,2019-11-26,former
TAP,0000024545,COORS ADOLPH CO,1994-03-28,2005-02-08,former
MDLZ,0001103982,"Mondelez International, Inc.",,,current
MDLZ,0001103982,KRAFT FOODS INC,2000-01-24,2012-09-28,former
MPWR,0001280452,"MONOLITHIC POWER SYSTEMS, INC.",,,current
MNST,0000865752,Monster Beverage Corp,,,current
MNST,0000865752,HANSEN NATURAL CORP,1996-11-13,2011-12-21,former
MCO,0001059556,MOODYS CORP /DE/,,,current
MCO,0001059556,DUN & BRADSTREET CORP /DE/,1998-09-29,2000-02-04,former
MS,0000895421,MORGAN STANLEY,,,current
MS,0000895421,MORGAN STANLEY DEAN WITTER & CO,1993-11-08,2002-07-12,former
MS,0000895421,MORGAN STANLEY DEAN WITTER DISCOVER & CO,1997-06-19,1998-03-18,former
MS,0000895421,DEAN WITTER DISCOVER & CO,1996-08-14,1997-05-08,former
MOS,0001285785,MOSAIC CO,,,current
MOS,0001285785,GLOBAL NUTRITION SOLUTIONS INC,2004-04-08,2004-06-18,former
MSI,0000068505,"Motorola Solutions, Inc.",,,current
MSI,0000068505,MOTOROLA INC,1994-08-10,2011-01-03,former
MSCI,0001408198,MSCI Inc.,,,current
NDAQ,0001120193,"NASDAQ, INC.",,,current
NDAQ,0001120193,"NASDAQ OMX GROUP, INC.",2007-11-06,2015-08-10,former
NDAQ,0001120193,NASDAQ STOCK MARKET INC,2001-05-14,2008-02-27,former
NTAP,0001002047,"NetApp, Inc.",,,current
NTAP,0001002047,NETWORK APPLIANCE INC,1996-10-29,2008-05-12,former
NFLX,0001065280,NETFLIX INC,,,current
NFLX,0001065280,NETFLIX COM INC,2000-04-18,2002-03-06,former
NEM,0001164727,NEWMONT Corp /DE/,,,current
NEM,0001164727,NEWMONT GOLDCORP CORP /DE/,2019-04-22,2020-01-03,former
NEM,0001164727,NEWMONT MINING CORP /DE/,2002-03-12,2019-04-16,former
NEM,0001164727,DELTA HOLDCO CORP,2002-02-15,2002-02-05,former
NWSA,0001564708,NEWS CORP,,,current
NWSA,0001564708,New Newscorp Inc,2013-06-12,2013-06-28,former
NWS,0001564708,NEWS CORP,,,current
NWS,0001564708,New Newscorp Inc,2013-06-12,2013-06-28,former
NEE,0000753308,NEXTERA ENERGY INC,,,current
NEE,0000753308,FPL GROUP INC,1994-02-28,2010-05-21,former
NKE,0000320187,"NIKE, Inc.",,,current
NI,0001111711,NISOURCE INC.,,,current
NDSN,0000072331,NORDSON CORP,,,current
NSC,0000702165,NORFOLK SOUTHERN CORP,,,current
NTRS,0000073124,NORTHERN TRUST CORP,,,current
NOC,0001133421,NORTHROP GRUMMAN CORP /DE/,,,current
NOC,0001133421,NNG INC,2001-02-01,2001-04-02,former
NCLH,0001513761,Norwegian Cruise Line Holdings Ltd.,,,current
NRG,0001013871,"NRG ENERGY, INC.",,,current
NUE,0000073309,NUCOR CORP,,,current
NVDA,0001045810,NVIDIA CORP,,,current
NVDA,0001045810,NVIDIA CORP/CA,1998-05-07,2002-06-04,former
NVR,0000906163,NVR INC,,,current
NXPI,0001413447,NXP Semiconductors N.V.,,,current
NXPI,0001413447,KASLION Acquisition B.V.,2007-09-26,2010-04-16,former
ORLY,0000898173,O REILLY AUTOMOTIVE INC,,,current
ORLY,0000898173,OREILLY AUTOMOTIVE INC,1996-08-13,1998-04-10,former
OXY,0000797468,OCCIDENTAL PETROLEUM CORP /DE/,,,current
ODFL,0000878927,"OLD DOMINION FREIGHT LINE, INC.",,,current
ODFL,0000878927,OLD DOMINION FREIGHT LINE INC/VA,1996-02-09,2019-08-21,former
OMC,0000029989,OMNICOM GROUP INC.,,,current
ON,0001097864,ON SEMICONDUCTOR CORP,,,current
ON,0001097864,SCG HOLDING CORP,1999-11-05,2000-05-23,former
OKE,0001039684,ONEOK INC /NEW/,,,current
OKE,0001039684,WAI INC,1997-11-21,1997-11-28,former
ORCL,0001341439,ORACLE CORP,,,current
ORCL,0001341439,Ozark Holding Inc.,2005-10-19,2006-02-01,former
OTIS,0001781335,Otis Worldwide Corp,,,current
PCAR,0000075362,PACCAR INC,,,current
PKG,0000075677,PACKAGING CORP OF AMERICA,,,current
PLTR,0001321655,Palantir Technologies Inc.,,,current
PANW,0001327567,Palo Alto Networks Inc,,,current
PSKY,0002041610,Paramount Skydance Corp,,,current
PSKY,0002041610,"New Pluto Global, Inc.",2024-11-04,2025-08-01,former
PH,0000076334,Parker-Hannifin Corp,,,current
PAYX,0000723531,PAYCHEX INC,,,current
PYPL,0001633917,"PayPal Holdings, Inc.",,,current
PNR,0000077360,PENTAIR plc,,,current
PEP,0000077476,PEPSICO INC,,,current
PFE,0000078003,PFIZER INC,,,current
PCG,0001004980,PG&E Corp,,,current
PCG,0001004980,PG&E PARENT CO INC,1996-12-06,1996-02-21,former
PM,0001413329,Philip Morris International Inc.,,,current
PSX,0001534701,Phillips 66,,,current
PNW,0000764622,PINNACLE WEST CAPITAL CORP,,,current
PNC,0000713676,"PNC FINANCIAL SERVICES GROUP, INC.",,,current
PNC,0000713676,PNC BANK CORP,1994-02-14,2000-02-11,former
PPG,0000079879,PPG INDUSTRIES INC,,,current
PPL,0000922224,PPL Corp,,,current
PPL,0000922224,PP&L RESOURCES INC,1995-04-27,2000-02-07,former
PFG,0001126328,PRINCIPAL FINANCIAL GROUP INC,,,current
PG,0000080424,PROCTER & GAMBLE Co,,,current
PGR,0000080661,PROGRESSIVE CORP/OH/,,,current
PLD,0001045609,"Prologis, Inc.",,,current
PLD,0001045609,AMB PROPERTY CORP,1997-10-28,2011-06-03,former
PRU,0001137774,PRUDENTIAL FINANCIAL INC,,,current
PEG,0000788784,PUBLIC SERVICE ENTERPRISE GROUP INC,,,current
PTC,0000857005,PTC INC.,,,current
PTC,0000857005,PARAMETRIC TECHNOLOGY CORP,1995-12-07,2013-01-24,former
PSA,0001393311,Public Storage,,,current
PHM,0000822416,PULTEGROUP INC/MI/,,,current
PHM,0000822416,PULTE HOMES INC/MI/,2001-12-20,2010-03-23,former
PHM,0000822416,PULTE CORP,1994-02-14,2001-05-02,former
PWR,0001050915,"QUANTA SERVICES, INC.",,,current
QCOM,0000804328,QUALCOMM INC/DE,,,current
DGX,0001022079,QUEST DIAGNOSTICS INC,,,current
DGX,0001022079,CORNING CLINICAL LABORATORIES INC,1996-12-13,1997-03-19,former
Q,0002058873,"Qnity Electronics, Inc.",,,current
Q,0002058873,"Novus SpinCo 1, Inc.",2025-04-24,2025-04-24,former
RL,0001037038,RALPH LAUREN CORP,,,current
RL,0001037038,POLO RALPH LAUREN CORP,1997-06-12,2011-08-11,former
RJF,0000720005,RAYMOND JAMES FINANCIAL INC,,,current
RDDT,0001713445,"Reddit, Inc.",,,current
RTX,0000101829,RTX Corp,,,current
RTX,0000101829,RAYTHEON TECHNOLOGIES CORP,2020-04-07,2023-06-29,former
RTX,0000101829,UNITED TECHNOLOGIES CORP /DE/,1994-01-24,2020-04-06,former
O,0000726728,REALTY INCOME CORP,,,current
REG,0000910606,REGENCY CENTERS CORP,,,current
REG,0000910606,REGENCY REALTY CORP,1994-02-11,2001-02-12,former
REGN,0000872589,"REGENERON PHARMACEUTICALS, INC.",,,current
RF,0001281761,REGIONS FINANCIAL CORP,,,current
RSG,0001060391,"REPUBLIC SERVICES, INC.",,,current
RMD,0000943819,RESMED INC,,,current
RVTY,0000031791,"REVVITY, INC.",,,current
RVTY,0000031791,PERKINELMER INC,1999-11-05,2023-04-14,former
RVTY,0000031791,EG&G INC,1994-03-17,1999-07-26,former
HOOD,0001783879,"Robinhood Markets, Inc.",,,current
ROK,0001024478,"ROCKWELL AUTOMATION, INC",,,current
ROK,0001024478,ROCKWELL INTERNATIONAL CORP,1997-06-30,2002-05-07,former
ROL,0000084839,ROLLINS INC,,,current
ROP,0000882835,ROPER TECHNOLOGIES INC,,,current
ROP,0000882835,ROPER INDUSTRIES INC,2008-06-04,2015-04-24,former
ROST,0000745732,"ROSS STORES, INC.",,,current
RCL,0000884887,ROYAL CARIBBEAN CRUISES LTD,,,current
SPGI,0000064040,S&P Global Inc.,,,current
SPGI,0000064040,MCGRAW HILL FINANCIAL INC,2013-05-03,2016-05-03,former
SPGI,0000064040,MCGRAW-HILL COMPANIES INC,1995-08-11,2013-04-30,former
SPGI,0000064040,MCGRAW HILL INC,1994-06-29,1995-02-24,former
CRM,0001108524,"Salesforce, Inc.",,,current
CRM,0001108524,"SALESFORCE.COM, INC.",2019-06-14,2022-03-31,former
SNDK,0002023554,Sandisk Corp,,,current
SBAC,0001034054,SBA COMMUNICATIONS CORP,,,current
SLB,0000087347,SLB LIMITED/NV,,,current
SLB,0000087347,SCHLUMBERGER LIMITED/NV,2015-10-19,2025-09-12,former
SLB,0000087347,SCHLUMBERGER LTD /NV/,2002-10-02,2016-10-03,former
SLB,0000087347,SCHLUMBERGER LTD /NY/,1996-11-13,2002-08-09,former
STX,0001137789,Seagate Technology Holdings plc,,,current
STX,0001137789,Seagate Technology plc,2010-07-09,2021-05-19,former
SRE,0001032208,SEMPRA,,,current
SRE,0001032208,SEMPRA ENERGY,1998-08-14,2023-05-15,former
SRE,0001032208,MINERAL ENERGY CO,1997-03-26,1998-06-05,former
NOW,0001373715,"ServiceNow, Inc.",,,current
NOW,0001373715,SERVICE-NOW.COM,2006-08-22,2012-05-01,former
SHW,0000089800,SHERWIN WILLIAMS CO,,,current
SPG,0001063761,SIMON PROPERTY GROUP INC.,,,current
SPG,0001063761,CORPORATE PROPERTY INVESTORS INC,1998-09-17,1998-09-25,former
SWKS,0000004127,"SKYWORKS SOLUTIONS, INC.",,,current
SWKS,0000004127,ALPHA INDUSTRIES INC,1995-02-08,2002-06-17,former
SJM,0000091419,J M SMUCKER Co,,,current
SJM,0000091419,SMUCKER J M CO,1994-03-14,2014-10-06,former
SW,0002005951,Smurfit Westrock plc,,,current
SNA,0000091440,Snap-on Inc,,,current
SNA,0000091440,SNAP ON TOOLS CORP,1994-03-03,1994-03-03,former
SOLV,0001964738,Solventum Corp,,,current
SOLV,0001964738,3M Health Care Co,2023-02-14,2024-02-09,former
SO,0000092122,SOUTHERN CO,,,current
LUV,0000092380,SOUTHWEST AIRLINES CO,,,current
SWK,0000093556,"STANLEY BLACK & DECKER, INC.",,,current
SWK,0000093556,STANLEY WORKS,1994-03-11,2010-03-12,former
SBUX,0000829224,STARBUCKS CORP,,,current
STT,0000093751,STATE STREET CORP,,,current
STT,0000093751,STATE STREET BOSTON CORP,1994-03-14,1997-03-03,former
STLD,0001022671,STEEL DYNAMICS INC,,,current
STE,0001757898,STERIS plc,,,current
SYK,0000310764,STRYKER CORP,,,current
SMCI,0001375365,"Super Micro Computer, Inc.",,,current
SYF,0001601712,Synchrony Financial,,,current
SNPS,0000883241,SYNOPSYS INC,,,current
SYY,0000096021,SYSCO CORP,,,current
TMUS,0001283699,"T-Mobile US, Inc.",,,current
TMUS,0001283699,METROPCS COMMUNICATIONS INC,2004-03-23,2013-04-29,former
TROW,0001113169,PRICE T ROWE GROUP INC,,,current
TTWO,0000946581,TAKE TWO INTERACTIVE SOFTWARE INC,,,current
TPR,0001116132,"TAPESTRY, INC.",,,current
TPR,0001116132,COACH INC,2000-10-04,2017-10-11,former
TRGP,0001389170,Targa Resources Corp.,,,current
TRGP,0001389170,Targa Resources Investments Inc.,2007-02-08,2010-11-12,former
TGT,0000027419,TARGET CORP,,,current
TGT,0000027419,DAYTON HUDSON CORP,1994-12-09,1999-04-12,former
TEL,0001385157,TE Connectivity plc,,,current
TEL,0001385157,Tyco Electronics Ltd.,2007-01-18,2011-03-10,former
TDY,0001094285,TELEDYNE TECHNOLOGIES INC,,,current
TER,0000097210,"TERADYNE, INC",,,current
TSLA,0001318605,"Tesla, Inc.",,,current
TSLA,0001318605,TESLA MOTORS INC,2005-02-17,2017-01-27,former
TXN,0000097476,TEXAS INSTRUMENTS INC,,,current
TPL,0001811074,Texas Pacific Land Corp,,,current
TXT,0000217346,TEXTRON INC,,,current
TMO,0000097745,THERMO FISHER SCIENTIFIC INC.,,,current
TMO,0000097745,THERMO ELECTRON CORP,1994-02-18,2006-11-03,former
TJX,0000109198,TJX COMPANIES INC /DE/,,,current
TKO,0001973266,"TKO Group Holdings, Inc.",,,current
TKO,0001973266,New Whale Inc.,2023-05-12,2023-09-07,former
TTD,0001671933,"Trade Desk, Inc.",,,current
TSCO,0000916365,TRACTOR SUPPLY CO /DE/,,,current
TT,0001466258,Trane Technologies plc,,,current
TT,0001466258,Ingersoll-Rand plc,2009-07-01,2020-02-24,former
TDG,0001260221,TransDigm Group INC,,,current
TDG,0001260221,TD HOLDING CORP,2003-08-15,2005-12-20,former
TRV,0000086312,"TRAVELERS COMPANIES, INC.",,,current
TRV,0000086312,ST PAUL TRAVELERS COMPANIES INC,2004-04-01,2007-02-23,former
TRV,0000086312,ST PAUL COMPANIES INC /MN/,1994-01-10,2004-03-31,former
TRV,0000086312,ST PAUL FIRE & MARINE INSURANCE CO/MD,1999-02-19,1999-02-19,former
TRMB,0000864749,TRIMBLE INC.,,,current
TRMB,0000864749,TRIMBLE NAVIGATION LTD /CA/,1996-06-26,2016-09-06,former
TFC,0000092230,TRUIST FINANCIAL CORP,,,current
TFC,0000092230,BB&T CORP,1997-06-06,2019-12-06,former
TFC,0000092230,SOUTHERN NATIONAL CORP /NC/,1994-05-19,1997-05-14,former
TYL,0000860731,TYLER TECHNOLOGIES INC,,,current
TYL,0000860731,TYLER CORP /NEW/,1996-08-14,1999-03-31,former
TSN,0000100493,"TYSON FOODS, INC.",,,current
USB,0000036104,US BANCORP \DE\,,,current
USB,0000036104,FIRST BANK SYSTEM INC,1994-08-15,1997-03-28,former
UBER,0001543151,"Uber Technologies, Inc",,,current
UDR,0000074208,"UDR, Inc.",,,current
UDR,0000074208,UNITED DOMINION REALTY TRUST INC,1994-05-26,2007-03-14,former
ULTA,0001403568,"Ulta Beauty, Inc.",,,current
ULTA,0001403568,"Ulta Salon, Cosmetics & Fragrance, Inc.",2007-07-06,2016-12-01,former
UNP,0000100885,UNION PACIFIC CORP,,,current
UAL,0000100517,"United Airlines Holdings, Inc.",,,current
UAL,0000100517,"United Continental Holdings, Inc.",2010-07-22,2019-06-27,former
UAL,0000100517,UAL CORP /DE/,1994-08-08,2010-09-30,former
UPS,0001090727,UNITED PARCEL SERVICE INC,,,current
URI,0001067701,"UNITED RENTALS, INC.",,,current
UNH,0000731766,UNITEDHEALTH GROUP INC,,,current
UNH,0000731766,UNITED HEALTHCARE CORP,1995-04-04,2000-02-14,former
UHS,0000352915,UNIVERSAL HEALTH SERVICES INC,,,current
VLO,0001035002,VALERO ENERGY CORP/TX,,,current
VLO,0001035002,VALERO REFINING & MARKETING CO,1997-05-13,1997-07-21,former
VEEV,0001393052,VEEVA SYSTEMS INC,,,current
VEEV,0001393052,VERTICALS ONDEMAND INC,2007-03-07,2007-03-07,former
VTR,0000740260,"Ventas, Inc.",,,current
VTR,0000740260,VENCOR INC,1994-12-08,1998-02-10,former
VLTO,0001967680,Veralto Corp,,,current
VRSN,0001014473,VERISIGN INC/CA,,,current
VRSK,0001442145,"Verisk Analytics, Inc.",,,current
VZ,0000732712,VERIZON COMMUNICATIONS INC,,,current
VZ,0000732712,BELL ATLANTIC CORP,1994-06-30,2000-09-13,former
VRTX,0000875320,VERTEX PHARMACEUTICALS INC / MA,,,current
VRT,0001674101,Vertiv Holdings Co,,,current
VRT,0001674101,GS Acquisition Holdings Corp,2018-04-23,2020-02-06,former
VTRS,0001792044,Viatris Inc,,,current
VTRS,0001792044,Upjohn Inc,2019-10-25,2020-11-10,former
VICI,0001705696,VICI PROPERTIES INC.,,,current
V,0001403161,VISA INC.,,,current
VST,0001692819,Vistra Corp.,,,current
VST,0001692819,Vistra Energy Corp.,2017-12-27,2020-06-29,former
VMRK,0000906107,VIVMARK RESIDENTIAL,,,current
VMRK,0000906107,EQUITY RESIDENTIAL,2002-11-13,2026-08-12,former
VMRK,0000906107,EQUITY RESIDENTIAL PROPERTIES TRUST,1994-02-10,2002-10-30,former
VMC,0001396009,Vulcan Materials CO,,,current
VMC,0001396009,"Virginia Holdco, Inc.",2007-04-12,2007-11-16,former
WRB,0000011544,BERKLEY W R CORP,,,current
GWW,0000277135,"W.W. GRAINGER, INC.",,,current
GWW,0000277135,GRAINGER W W INC,1994-03-24,2019-10-15,former
WAB,0000943452,WESTINGHOUSE AIR BRAKE TECHNOLOGIES CORP,,,current
WAB,0000943452,WABTEC CORP,2000-01-14,2000-01-14,former
WAB,0000943452,WESTINGHOUSE AIR BRAKE CO /DE/,1996-08-07,1999-11-19,former
WMT,0000104169,Walmart Inc.,,,current
WMT,0000104169,WAL MART STORES INC,1994-02-14,2018-01-30,former
DIS,0001744489,Walt Disney Co,,,current
DIS,0001744489,TWDC Holdco 613 Corp,2018-06-25,2018-06-28,former
WBD,0001437107,"Warner Bros. Discovery, Inc.",,,current
WBD,0001437107,"Discovery, Inc.",2018-03-06,2022-04-08,former
WBD,0001437107,"Discovery Communications, Inc.",2008-06-11,2018-03-05,former
WM,0000823768,WASTE MANAGEMENT INC,,,current
WM,0000823768,USA WASTE SERVICES INC,1994-08-05,1998-07-10,former
WAT,0001000697,WATERS CORP /DE/,,,current
WEC,0000783325,"WEC ENERGY GROUP, INC.",,,current
WEC,0000783325,WISCONSIN ENERGY CORP,1995-02-28,2015-06-29,former
WFC,0000072971,WELLS FARGO & COMPANY/MN,,,current
WFC,0000072971,NORWEST CORP,1994-09-12,1998-10-21,former
WELL,0000766704,WELLTOWER INC.,,,current
WELL,0000766704,HEALTH CARE REIT INC /DE/,1994-04-29,2015-09-25,former
WST,0000105770,WEST PHARMACEUTICAL SERVICES INC,,,current
WST,0000105770,WEST CO INC,1994-04-05,1999-02-11,former
WDC,0000106040,WESTERN DIGITAL CORP,,,current
WY,0000106535,WEYERHAEUSER CO,,,current
WSM,0000719955,WILLIAMS SONOMA INC,,,current
WMB,0000107263,"WILLIAMS COMPANIES, INC.",,,current
WTW,0001140536,WILLIS TOWERS WATSON PLC,,,current
WTW,0001140536,WILLIS GROUP HOLDINGS PLC,2010-01-19,2016-01-05,former
WDAY,0001327811,"Workday, Inc.",,,current
WDAY,0001327811,North Tahoe Power Tools Inc,2005-05-17,2006-12-18,former
WYNN,0001174922,WYNN RESORTS LTD,,,current
XEL,0000072903,XCEL ENERGY INC,,,current
XEL,0000072903,NORTHERN STATES POWER CO /MN/,1994-01-25,2000-02-14,former
XYL,0001524472,Xylem Inc.,,,current
XYL,0001524472,"ITT WCO, Inc.",2011-07-11,2011-07-11,former
YUM,0001041061,YUM BRANDS INC,,,current
YUM,0001041061,TRICON GLOBAL RESTAURANTS INC,1997-08-20,2002-05-03,former
ZBRA,0000877212,ZEBRA TECHNOLOGIES CORP,,,current
ZBH,0001136869,"ZIMMER BIOMET HOLDINGS, INC.",,,current
ZBH,0001136869,ZIMMER HOLDINGS INC,2001-03-26,2015-06-08,former
ZTS,0001555280,Zoetis Inc.,,,current
