ticker,committee_id,committee_name,affiliated_organisation,organization_type,state,cycles,matched_name,matched_name_kind,match_rule
ABBV,C00536573,ABBVIE POLITICAL ACTION COMMITTEE,ABBVIE,C,IL,2016|2018|2020|2022|2024|2026,AbbVie Inc.,current,affiliated_exact
ABT,C00040279,ABBOTT LABORATORIES EMPLOYEE POLITICAL ACTION COMMITTEE,ABBOTT LABORATORIES,C,IL,2016|2018|2020|2022|2024|2026,ABBOTT LABORATORIES,current,affiliated_exact
ACGL,C00433912,ARCH CAPITAL GROUP (US) INC. POLITICAL ACTION COMMITTEE,ARCH CAPITAL GROUP (US) INC.,C,NJ,2016|2018|2020|2022|2024|2026,ARCH CAPITAL GROUP LTD.,current,affiliated_prefix
ACN,C00300707,ACCENTURE INC. POLITICAL ACTION COMMITTEE,"ACCENTURE, INC.",C,DC,2016|2018|2020|2022|2024|2026,Accenture plc,current,affiliated_exact
ADM,C00093963,ARCHER DANIELS MIDLAND COMPANY - ADM PAC,ARCHER DANIELS MIDLAND COMPANY,C,IL,2016|2018|2020|2022|2024|2026,Archer-Daniels-Midland Co,current,affiliated_exact
AEE,C00206136,AMEREN CORPORATION FEDERAL POLITICAL ACTION COMMITTEE (AMEREN FEDPAC),AMEREN CORPORATION,C,DC,2016|2018|2020|2022|2024|2026,AMEREN CORP,current,affiliated_exact
AEP,C00096842,THE AMERICAN ELECTRIC POWER COMMITTEE FOR RESPONSIBLE GOVERNMENT,AMERICAN ELECTRIC POWER,C,OH,2016|2018|2020|2022|2024|2026,AMERICAN ELECTRIC POWER CO INC,current,affiliated_exact
AES,C00102947,THE DAYTON POWER AND LIGHT COMPANY/AES OHIO RESPONSIBLE CITIZENSHIP FUND,THE AES CORPORATION POLITICAL ACTION COMMITTEE,C,OH,2016|2018|2020|2022|2024|2026,AES CORP,current,affiliated_prefix_1tok
AES,C00507962,AES CORPORATION POLITICAL ACTION COMMITTEE; THE,AES CORPORATION,C,VA,2016|2018|2020|2022|2024|2026,AES CORP,current,affiliated_exact
AFL,C00034157,AFLAC POLITICAL ACTION COMMITTEE (AFLAC PAC),AFLAC,C,GA,2016|2018|2020|2022|2024|2026,AFLAC INC,current,affiliated_exact
AIG,C00097725,AMERICAN INTERNATIONAL GROUP INC. EMPLOYEE POLITICAL ACTION COMMITTEE,AMERICAN INTERNATIONAL GROUP INC.,C,NY,2016|2018|2020|2022|2024|2026,"AMERICAN INTERNATIONAL GROUP, INC.",current,affiliated_exact
AIG,C00617944,AMERICAN INTERNATIONAL GROUP INC. EMPLOYEE STATE POLITICAL ACTION COMMITTEE,"AMERICAN INTERNATIONAL GROUP, INC.",C,NY,2016|2018|2020|2022|2024|2026,"AMERICAN INTERNATIONAL GROUP, INC.",current,affiliated_exact
AIZ,C00185694,ASSURANT INC. POLITICAL ACTION COMMITTEE,ASSURANT INC.,C,GA,2016|2018|2020|2022|2024|2026,"ASSURANT, INC.",current,affiliated_exact
ALB,C00377333,ALBEMARLE CORPORATION POLITICAL ACTION COMMITTEE,ALBEMARLE CORPORATION,C,NC,2016|2018|2020|2022|2024,ALBEMARLE CORP,current,affiliated_exact
ALL,C00040253,ALLSTATE INSURANCE COMPANY PAC,ALLSTATE INSURANCE CO.,C,IL,2016|2018|2020|2022|2024|2026,ALLSTATE CORP,current,affiliated_prefix_1tok
AMAT,C00406892,"APPLIED MATERIALS, INC. POLITICAL ACTION COMMITTEE","APPLIED MATERIALS, INC.",C,CA,2016|2018|2020|2022|2024|2026,APPLIED MATERIALS INC /DE,current,affiliated_exact
AMD,C00404483,"ADVANCED MICRO DEVICES, INC. PAC","ADVANCED MICRO DEVICES, INC.",C,VA,2016|2018|2020|2022|2024|2026,ADVANCED MICRO DEVICES INC,current,affiliated_exact
AMGN,C00251876,AMGEN INC. POLITICAL ACTION COMMITTEE,AMGEN INC.,C,DC,2016|2018|2020|2022|2024|2026,AMGEN INC,current,affiliated_exact
AMP,C00414474,AMERIPRISE FINANCIAL INC. POLITICAL ACTION COMMITTEE (AMERIPRISEPAC),AMERIPRISE FINANCIAL INC.,C,DC,2016|2018|2020|2022|2024|2026,AMERIPRISE FINANCIAL INC,current,affiliated_exact
AMZN,C00360354,AMAZON.COM SERVICES LLC SEPARATE SEGREGATED FUND (AMAZON PAC),AMAZON.COM SERVICES LLC,C,DC,2016|2018|2020|2022|2024|2026,AMAZON COM INC,current,affiliated_prefix
AON,C00211250,AON CORPORATION POLITICAL ACTION COMMITTEE,AON CORPORATION,C,IL,2016|2018|2020|2022|2024|2026,Aon plc,current,affiliated_exact
APD,C00127258,"AIR PRODUCTS AND CHEMICALS, INC. POLITICAL ALLIANCE","AIR PRODUCTS AND CHEMICALS, INC.",C,PA,2016|2018|2020|2022|2024|2026,"Air Products & Chemicals, Inc.",current,affiliated_exact
APTV,C00346130,"APTIV, PLC POLITICAL ACTION COMMITTEE","APTIV, PLC",C,MI,2016|2018|2020|2022|2024|2026,Aptiv PLC,current,affiliated_exact
ATO,C00381954,ATMOS ENERGY CORPORATION PAC,ATMOS ENERGY CORPORATION,C,TX,2016|2018|2020|2022|2024|2026,ATMOS ENERGY CORP,current,affiliated_exact
AVGO,C00477919,BROADCOM CORPORATION PAC,BROADCOM CORPORATION,C,CA,2016,Broadcom Inc.,current,affiliated_exact
AVGO,C00680504,BROADCOM INC. POLITICAL ACTION COMMITTEE (BROADCOM PAC),BROADCOM INC.,C,CA,2018|2020|2022|2024|2026,Broadcom Inc.,current,affiliated_exact
AVY,C00467340,AVERY DENNISON CORPORATION EMPLOYEE POLITICAL ACTION COMMITTEE (ADEPAC),AVERY DENNISON CORPORATION,C,CA,2016|2018,Avery Dennison Corp,current,affiliated_exact
AWK,C00354548,"AMERICAN WATER WORKS COMPANY, INC. EMPLOYEE FEDERAL PAC","AMERICAN WATER WORKS COMPANY, INC.",C,NJ,2016|2018|2020|2022|2024|2026,"American Water Works Company, Inc.",current,affiliated_exact
AXP,C00040535,AMERICAN EXPRESS COMPANY POLITICAL ACTION COMMITTEE (AXPPAC),AMERICAN EXPRESS COMPANY,C,DC,2016|2018|2020|2022|2024|2026,AMERICAN EXPRESS CO,current,affiliated_exact
AZO,C00233056,AUTOZONE INC COMMITTEE FOR BETTER GOVERNMENT,"AUTOZONE, INC",C,TN,2016|2018|2020|2022|2024|2026,AUTOZONE INC,current,affiliated_exact
BA,C00142711,THE BOEING COMPANY PAC,THE BOEING COMPANY,C,VA,2016|2018|2020|2022|2024|2026,BOEING CO,current,affiliated_exact
BAC,C00043489,BANK OF AMERICA CORPORATION STATE AND FEDERAL PAC,BANK OF AMERICA CORPORATION,C,DE,2016|2018|2020|2022|2024|2026,BANK OF AMERICA CORP /DE/,current,affiliated_exact
BAC,C00364778,BANK OF AMERICA CORPORATION FEDERAL PAC,BANK OF AMERICA CORPORATION,C,DC,2016|2018|2020|2022|2024|2026,BANK OF AMERICA CORP /DE/,current,affiliated_exact
BALL,C00039461,BALL CORPORATION POLITICAL ACTION COMMITTEE,BALL CORPORATION,C,CO,2016|2018|2020|2022|2024|2026,BALL Corp,current,affiliated_exact
BBY,C00405076,"BEST BUY CO., INC. EMPLOYEE POLITICAL FORUM","BEST BUY CO., INC.",C,MN,2016|2018|2020|2022|2024|2026,BEST BUY CO INC,current,affiliated_exact
BDX,C00376582,BECTON DICKINSON AND COMPANY PAC,BECTON DICKINSON AND COMPANY PAC,C,NJ,2016|2018|2020|2022|2024|2026,BECTON DICKINSON & CO,current,affiliated_prefix
BEN,C00874982,FRANKLIN TEMPLETON INC. POLITICAL ACTION COMMITTEE (FRANKLIN TEMPLETON PAC,FRANKLIN TEMPLETON INC.,C,DC,2024|2026,FRANKLIN TEMPLETON INC,current,affiliated_exact
BF.B,C00059733,BROWN-FORMAN CORPORATION NON-PARTISAN COMMITTEE FOR RESPONSIBLE GOVERNMENT,BROWN-FORMAN CORPORATION,C,KY,2016|2018|2020|2022|2024|2026,BROWN FORMAN CORP,current,affiliated_exact
BIIB,C00390351,BIOGEN INC. POLITICAL ACTION COMMITTEE A.K.A 'BIOGEN PAC',BIOGEN INC,C,MA,2016|2018|2020|2022|2024|2026,BIOGEN INC.,current,affiliated_exact
BLK,C00479246,BLACKROCK FUNDS SERVICES GROUP LLC POLITICAL ACTION COMMITTEE (BLACKROCK PAC),BLACKROCK FUNDS SERVICES GROUP LLC,C,NY,2016|2018|2020|2022|2024|2026,"BlackRock, Inc.",current,affiliated_prefix_1tok
BMY,C00035675,BRISTOL-MYERS SQUIBB COMPANY POLITICAL ACTION COMMITTEE,BRISTOL-MYERS SQUIBB COMPANY,C,NJ,2016|2018|2020|2022|2024|2026,BRISTOL MYERS SQUIBB CO,current,affiliated_exact
BNY,C00017558,THE BANK OF NEW YORK MELLON CORPORATION BIPARTISAN PAC (BNY BIPAC),THE BANK OF NEW YORK MELLON CORPORATION,C,PA,2016|2018|2020|2022|2024|2026,Bank of New York Mellon Corp,current,affiliated_exact
BNY,C00494534,THE BANK OF NEW YORK MELLON CORPORATION FEDERAL PAC (BNY FEDPAC),THE BANK OF THE NEW YORK MELLON CORPORATION,C,PA,2016|2018|2020|2022|2024|2026,Bank of New York Mellon Corp,current,affiliated_exact
BRK.B,C00324483,BERKSHIRE HATHAWAY ENERGY COMPANY PAC,BERKSHIRE HATHAWAY ENERGY COMPANY,C,IA,2016|2018|2020|2022|2024|2026,BERKSHIRE HATHAWAY INC,current,affiliated_prefix
BRK.B,C00424010,ACME BRICK COMPANY GOOD GOVERNMENT FUND FOR FEDERAL ELECTIONS,BERKSHIRE HATHAWAY ENERGY COMPANY PAC,C,TX,2016|2018|2020|2022|2024|2026,BERKSHIRE HATHAWAY INC,current,affiliated_prefix
BSX,C00357863,BOSTON SCIENTIFIC CORPORATION POLITICAL ACTION COMMITTEE (BSC PAC),BOSTON SCIENTIFIC CORPORATION,C,MA,2016|2018|2020|2022|2024|2026,BOSTON SCIENTIFIC CORP,current,affiliated_exact
C,C00008474,CITIGROUP INC. PAC - FEDERAL (CITI PAC - FEDERAL),CITIGROUP INC.,C,DC,2016|2018|2020|2022|2024|2026,CITIGROUP INC,current,affiliated_exact
C,C00039305,CITIGROUP INC. PAC - STATE (CITI PAC-STATE),CITIGROUP INC.,C,DC,2016|2018|2020|2022|2024|2026,CITIGROUP INC,current,affiliated_exact
CAH,C00332833,CARDINAL HEALTH INC. PAC,CARDINAL HEALTH INC.,C,OH,2016|2018|2020|2022|2024|2026,CARDINAL HEALTH INC,current,affiliated_exact
CARR,C00740704,CARRIER GLOBAL CORPORATION POLITICAL ACTION COMMITTEE,CARRIER GLOBAL CORPORATION,C,DC,2020|2022|2024|2026,CARRIER GLOBAL Corp,current,affiliated_exact
CAT,C00148031,CATERPILLAR INC. POLITICAL ACTION COMMITTEE (CATPAC),CATERPILLAR INC.,C,TX,2016|2018|2020|2022|2024|2026,CATERPILLAR INC,current,affiliated_exact
CB,C00229203,CHUBB GROUP HOLDINGS INC. LEGACY POLITICAL ACTION COMMITTEE,ACE GROUP HOLDINGS INC.,C,NJ,2016,Chubb Ltd,current,name_contains_pac
CB,C00348938,CHUBB GROUP HOLDINGS INC. POLITICAL ACTION COMMITTEE,CHUBB GROUP HOLDINGS INC.,C,PA,2016|2018|2020|2022|2024|2026,Chubb Ltd,current,affiliated_prefix_1tok
CBOE,C00100693,"CBOE GLOBAL MARKETS, INC. PAC (CBOE PAC)","CBOE GLOBAL MARKETS, INC.",C,IL,2016|2018|2020|2022|2024|2026,"Cboe Global Markets, Inc.",current,affiliated_exact
CCL,C00287714,CARNIVAL/PRINCESS HOLLAND AMERICA LINE INC. PAC (HALPAC),HOLLAND AMERICA LINE INC.,C,WA,2016|2018|2020|2022|2024|2026,Carnival Corp Ltd.,current,name_contains_pac
CEG,C00793711,CONSTELLATION ENERGY CORPORATION EMPLOYEE POLITICAL ACTION COMMITTEE (CEPAC),CONSTELLATION ENERGY CORPORATION,C,DC,2022|2024|2026,Constellation Energy Corp,current,affiliated_exact
CF,C00076588,"CF INDUSTRIES, INC. EMPLOYEES' GOOD GOVERNMENT FUND","CF INDUSTRIES, INC.",C,IL,2016|2018|2020|2022|2024|2026,"CF Industries Holdings, Inc.",current,affiliated_exact
CFG,C00307249,"CITIZENS FINANCIAL GROUP, INC. POLITICAL ACTION COMMITTEE (CITIZENS PAC)","CITIZENS FINANCIAL GROUP, INC.",C,RI,2016|2018|2020|2022|2024|2026,CITIZENS FINANCIAL GROUP INC/RI,current,affiliated_exact
CHRW,C00512673,C.H. ROBINSON WORLDWIDE INC. PAC,C.H. ROBINSON WORLDWIDE INC.,C,MN,2016|2018|2020|2022|2024|2026,"C. H. ROBINSON WORLDWIDE, INC.",current,affiliated_exact
CHTR,C00426775,CHARTER COMMUNICATIONS INC. POLITICAL ACTION COMMITTEE,CHARTER COMMUNICATIONS INC.,C,CT,2016|2018|2020|2022|2024|2026,"CHARTER COMMUNICATIONS, INC. /MO/",current,affiliated_exact
CI,C00085316,THE CIGNA GROUP EMPLOYEE POLITICAL ACTION COMMITTEE,THE CIGNA GROUP,C,DC,2016|2018|2020|2022|2024|2026,Cigna Group,current,affiliated_exact
CLX,C00062224,CLOROX EMPLOYEES' POLITICAL ACTION COMMITTEE,THE CLOROX COMPANY,C,CA,2016|2018|2020|2022|2024|2026,CLOROX CO /DE/,current,affiliated_exact
CMCSA,C00248716,COMCAST CORPORATION & NBCUNIVERSAL POLITICAL ACTION COMMITTEE - FEDERAL,COMCAST CORPORATION,C,PA,2016|2018|2020|2022|2024|2026,COMCAST CORP,current,affiliated_exact
CME,C00076299,CME GROUP INC. PAC,"CME GROUP, INC.",C,IL,2016|2018|2020|2022|2024|2026,CME GROUP INC.,current,affiliated_exact
CMI,C00377952,CUMMINS INC. POLITICAL ACTION COMMITTEE (CIPAC),CUMMINS INC.,C,DC,2016|2018|2020|2022|2024|2026,CUMMINS INC,current,affiliated_exact
CMS,C00075473,CMS ENERGY CORPORATION EMPLOYEES FOR BETTER GOVERNMENT- FEDERAL,CMS ENERGY CORPORATION,C,MI,2016|2018|2020|2022|2024|2026,CMS ENERGY CORP,current,affiliated_exact
CNC,C00230789,"HEALTH NET, INCORPORATED POLITICAL ACTION COMMITTEE",CENTENE CORPORATION POLITICAL ACTION COMMITTEE (CENTENE PAC),C,CA,2016|2018,CENTENE CORP,current,affiliated_prefix_1tok
CNC,C00397851,CENTENE CORPORATION POLITICAL ACTION COMMITTEE (CENTENE PAC),CENTENE CORPORATION POLITICAL ACTION COMMITTEE (CENTENE PAC),C,MO,2016|2018|2020|2022|2024|2026,CENTENE CORP,current,affiliated_prefix_1tok
CNP,C00240069,VECTREN CORPORATION EMPLOYEES FEDERAL PAC,"CENTERPOINT ENERGY, INC. POLITICAL ACTION COMMITTEE",C,IN,2016|2018|2020,CENTERPOINT ENERGY INC,current,affiliated_prefix
CNP,C00333534,"CENTERPOINT ENERGY, INC. POLITICAL ACTION COMMITTEE","CENTERPOINT ENERGY, INC.",C,TX,2016|2018|2020|2022|2024|2026,CENTERPOINT ENERGY INC,current,affiliated_exact
COF,C00326595,CAPITAL ONE FINANCIAL CORP. ASSOC. POLITICAL FUND,CAPITAL ONE FINANCIAL CORP.,C,VA,2016|2018|2020|2022|2024|2026,CAPITAL ONE FINANCIAL CORP,current,affiliated_exact
COHR,C00377960,II-VI INCORPORATED PAC,II-VI INCORPORATED PAC,C,PA,2016|2018|2020|2022|2024|2026,II-VI INC,former,affiliated_prefix
COP,C00112896,CONOCOPHILLIPS SPIRIT PAC,CONOCOPHILLIPS,C,OK,2016|2018|2020|2022|2024|2026,CONOCOPHILLIPS,current,affiliated_exact
COR,C00400929,"CENCORA, INC. PAC","CENCORA, INC.",C,PA,2016|2018|2020|2022|2024|2026,"Cencora, Inc.",current,affiliated_exact
CPRT,C00452581,COPART INC POLITICAL ACTION COMMITTEE (COPART PAC),COPART INC POLITICAL ACTION COMMITTEE (COPART PAC),C,TX,2016|2018|2020|2022|2024|2026,COPART INC,current,affiliated_prefix_1tok
CRM,C00511600,"SALESFORCE, INC VOLUNTARY POLITICAL PARTICIPATION NETWORK","SALESFORCE, INC.",C,CA,2016|2018|2020|2022|2024|2026,"Salesforce, Inc.",current,affiliated_exact
CSCO,C00362707,"CISCO SYSTEMS, INC. FEDERAL PAC","CISCO SYSTEMS, INC.",C,DC,2016|2018|2020|2022|2024|2026,"CISCO SYSTEMS, INC.",current,affiliated_exact
CSX,C00163832,CSX CORPORATION GOOD GOVERNMENT FUND,CSX CORPORATION,C,DC,2016|2018|2020|2022|2024|2026,CSX CORP,current,affiliated_exact
CTAS,C00449165,CINTAS CORPORATION PARTNERS PAC,CINTAS CORPORATION,C,OH,2016|2018|2020|2022|2024|2026,CINTAS CORP,current,affiliated_exact
CTSH,C00485979,COGNIZANT TECHNOLOGY SOLUTIONS CORPORATION POLITICAL ACTION COMMITTEE (COGNIZANT PAC),COGNIZANT TECHNOLOGY SOLUTIONS CORPORATION,C,NJ,2016|2018|2020|2022|2024|2026,COGNIZANT TECHNOLOGY SOLUTIONS CORP,current,affiliated_exact
CTVA,C00247981,"CORTEVA, INC. EMPLOYEES PAC (CORTEVA AGRISCIENCE PAC)","CORTEVA, INC.",C,DC,2016|2018|2020|2022|2024|2026,"Corteva, Inc.",current,affiliated_exact
CVS,C00384818,CVS HEALTH PAC,CVS HEALTH,C,DC,2016|2018|2020|2022|2024|2026,CVS HEALTH Corp,current,affiliated_exact
CVX,C00035006,CHEVRON EMPLOYEES POLITICAL ACTION COMMITTEE - CHEVRON CORPORATION,CHEVRON CORPORATION,C,CA,2016|2018|2020|2022|2024|2026,CHEVRON CORP,current,affiliated_exact
CVX,C00558759,PDC ENERGY INC PAC,CHEVRON EMPLOYEES POLITICAL ACTION COMMITTEE - CHEVRON CORPORATION,C,CO,2016|2018|2020|2022|2024,CHEVRON CORP,current,affiliated_prefix_1tok
D,C00108209,"DOMINION ENERGY, INC. POLITICAL ACTION COMMITTEE - DOMINION PAC","DOMINION ENERGY, INC.",C,VA,2016|2018|2020|2022|2024|2026,"DOMINION ENERGY, INC",current,affiliated_exact
D,C00200907,DOMINION ENERGY INC. SCANA POLITICAL ACTION COMMITTEE,SCANA CORPORATION,C,SC,2016|2018|2020,"DOMINION ENERGY, INC",current,name_contains_pac
D,C00545319,DOMINION ENERGY INC. PAC - CT,DOMINION ENERGY INC.,C,VA,2016|2018,"DOMINION ENERGY, INC",current,affiliated_exact
DAL,C00104802,DELTA AIR LINES PAC,DELTA AIRLINES,C,DC,2016|2018|2020|2022|2024|2026,"DELTA AIR LINES, INC.",current,affiliated_exact
DD,C00171926,"EMPLOYEES OF DUPONT PAC - DUPONT DE NEMOURS, INC.","DUPONT DE NEMOURS, INC.",C,DC,2016|2018|2020|2022|2024|2026,"DuPont de Nemours, Inc.",current,affiliated_exact
DE,C00204099,DEERE & COMPANY PAC (AKA JOHN DEERE PAC),DEERE & COMPANY,C,IL,2016|2018|2020|2022|2024|2026,DEERE & CO,current,affiliated_exact
DELL,C00369751,"DELL TECHNOLOGIES, INC. POLITICAL ACTION COMMITTEE","DELL TECHNOLOGIES, INC.",C,DC,2016|2018|2020|2022|2024|2026,Dell Technologies Inc.,current,affiliated_exact
DGX,C00329185,QUEST DIAGNOSTICS INCORPORATED POLITICAL ACTION COMMITTEE,QUEST DIAGNOSTICS INCORPORATED,C,NJ,2016|2018|2020|2022|2024|2026,QUEST DIAGNOSTICS INC,current,affiliated_exact
DIS,C00197749,TWDC ENTERPRISES 18 CORP. EMPLOYEES PAC AKA 'THE WALT DISNEY COMPANY EMPLOYEES PAC' OR 'DISNEY PAC',TWDC ENTERPRISES 18 CORP.,C,DC,2016|2018|2020|2022|2024|2026,Walt Disney Co,current,name_contains_pac
DOW,C00074096,DOW INC. PAC (DOWPAC),DOW INC.,C,MI,2016|2018|2020|2022|2024|2026,DOW INC.,current,affiliated_exact
DOW,C00386672,DOW CORNING CORPORATION LEGISLATIVE ACTION TEAM,DOW CORNING CORPORATION,C,MI,2016,DOW INC.,current,affiliated_prefix_1tok
DRI,C00108282,"DARDEN RESTAURANTS, INC. EMPLOYEES GOOD GOVERNMENT FUND","DARDEN RESTAURANTS, INC.",C,FL,2016,DARDEN RESTAURANTS INC,current,affiliated_exact
DTE,C00081547,DTE ENERGY COMPANY POLITICAL ACTION COMMITTEE,DTE ENERGY COMPANY,C,MI,2016|2018|2020|2022|2024|2026,DTE ENERGY CO,current,affiliated_exact
DUK,C00083535,DUKE ENERGY CORPORATION EMPLOYEE POLITICAL ACTION COMMITTEE (DUKEPAC),DUKE ENERGY CORPORATION,C,DC,2016|2018|2020|2022|2024|2026,Duke Energy CORP,current,affiliated_exact
DUK,C00144824,"DUKE ENERGY PIEDMONT NATURAL GAS COMPANY, INC. PAC","PIEDMONT NATURAL GAS COMPANY, INC.",C,NC,2016|2018,Duke Energy CORP,current,name_contains_pac
DVA,C00340943,DAVITA INC. POLITICAL ACTION COMMITTEE (DAPAC),DAVITA INC.,C,WA,2016|2018|2020|2022|2024|2026,DAVITA INC.,current,affiliated_exact
DVN,C00354753,DEVON ENERGY CORPORATION POLITICAL ACTION COMMITTEE (DEC PAC),DEVON ENERGY CORPORATION,C,OK,2016|2018|2020|2022|2024|2026,DEVON ENERGY CORP/DE,current,affiliated_exact
EBAY,C00342394,"EBAY INC-COMMITTEE FOR RESPONSIBLE INTERNET COMMERCE, (EBAY PAC)","EBAY, INC.",C,DC,2016|2018|2020|2022|2024|2026,EBAY INC,current,affiliated_exact
ECHO,C00330647,ECHOSTAR CORPORATION AND DISH NETWORK CORPORATION PAC (ECHOSTAR DISH NETWORK PAC),DISH NETWORK CORPORATION,C,DC,2016|2018|2020|2022|2024|2026,EchoStar CORP,current,name_contains_pac
ECL,C00101485,ECOLAB INC. POLITICAL ACTION COMMITTEE,ECOLAB INC.,C,MN,2016|2018|2020|2022|2024|2026,ECOLAB INC.,current,affiliated_exact
ED,C00407635,CONSOLIDATED EDISON INC. EMPLOYEES' POLITICAL ACTION COMMITTEE (CEIPAC),CONSOLIDATED EDISON INC. EMPLOYEES' POLITICAL ACTION COMMITTEE (CEIPAC),C,NY,2016|2018|2020|2022|2024|2026,CONSOLIDATED EDISON INC,current,affiliated_prefix
EFX,C00143867,EQUIFAX INC. POLITICAL ACTION COMMITTEE,"EQUIFAX, INC.",C,GA,2016|2018|2020|2022|2024|2026,EQUIFAX INC,current,affiliated_exact
EIX,C00019653,EDISON INTERNATIONAL PAC,EDISON INTERNATIONAL,C,CA,2016|2018|2020|2022|2024|2026,EDISON INTERNATIONAL,current,affiliated_exact
ELV,C00197228,"ELEVANCE HEALTH, INC. POLITICAL ACTION COMMITTEE (ELEVANCE HEALTH PAC)","ELEVANCE HEALTH, INC.",C,DC,2016|2018|2020|2022|2024|2026,"Elevance Health, Inc.",current,affiliated_exact
EMR,C00080515,THE EMERSON ELECTRIC CO. EMPLOYEES' PAC,EMERSON ELECTRIC CO.,C,MO,2016|2018|2020|2022,EMERSON ELECTRIC CO,current,affiliated_exact
EQT,C00151175,EQT CORPORATION PAC,EQT CORPORATION,C,PA,2016|2018|2020|2022|2024|2026,EQT Corp,current,affiliated_exact
ERIE,C00153577,ERIE INDEMNITY COMPANY PAC - FEDERAL,ERIE INSURANCE POLITICAL ACTION COMMITTEE,C,PA,2016|2018|2020|2022|2024|2026,ERIE INDEMNITY CO,current,name_prefix_pac
ES,C00102160,EVERSOURCE ENERGY POLITICAL ACTION COMMITTEE (EVERSOURCEPAC),EVERSOURCE ENERGY,C,DC,2016|2018|2020|2022|2024|2026,EVERSOURCE ENERGY,current,affiliated_exact
ETN,C00034827,EATON CORPORATION PUBLIC POLICY ASSOCIATION,EATON CORPORATION,C,OH,2016|2018|2020|2022|2024|2026,Eaton Corp plc,current,affiliated_exact
ETR,C00363879,ENTERGY CORPORATION EMPLOYEE POLITICAL ACTION COMMITTEE (ENPAC),ENTERGY CORPORATION,C,AR,2016|2018|2020|2022|2024|2026,ENTERGY CORP /DE/,current,affiliated_exact
EVRG,C00111310,EVERGY EMPLOYEE POWERPAC,EVERGY AND ITS SUBSIDIARIES,C,MO,2016|2018|2020|2022|2024|2026,"Evergy, Inc.",current,affiliated_prefix_1tok
EW,C00411900,EDWARDS LIFESCIENCES POLITICAL ACTION COMMITTEE (A.K.A. EDWARDS PAC),EDWARDS LIFESCIENCES,C,CA,2016|2018|2020|2022|2024|2026,Edwards Lifesciences Corp,current,affiliated_exact
EXC,C00141218,EXELON CORPORATION POLITICAL ACTION COMMITTEE,EXELON CORPORATION,C,DC,2016|2018|2020|2022|2024|2026,EXELON CORP,current,affiliated_exact
EXC,C00385849,EXELON CORPORATION-PEPCO HOLDINGS LLC POLITICAL ACTION COMMITTEE,EXELON CORPORATION,C,DC,2016|2018|2020|2022|2024|2026,EXELON CORP,current,affiliated_exact
EXE,C00389288,EXPAND ENERGY CORP. EMPLOYEE PAC,EXPAND ENERGY CORPORATION,C,OK,2016|2018|2020|2022|2024|2026,EXPAND ENERGY Corp,current,affiliated_exact
F,C00046474,FORD MOTOR COMPANY CIVIC ACTION FUND,FORD MOTOR COMPANY,C,MI,2016|2018|2020|2022|2024|2026,FORD MOTOR CO,current,affiliated_exact
FANG,C00135855,"DIAMONDBACK ENERGY, INC. POLITICAL ACTION COMMITTEE (DIAMONDBACK ENERGY PAC)","DIAMONDBACK ENERGY, INC.",C,TX,2016|2018|2020|2022|2024|2026,"Diamondback Energy, Inc.",current,affiliated_exact
FCX,C00320101,FREEPORT-MCMORAN INC. CITIZENSHIP COMMITTEE,FREEPORT-MCMORAN INC.,C,AZ,2016|2018|2020|2022|2024|2026,FREEPORT-MCMORAN INC,current,affiliated_exact
FDX,C00068692,FEDEX CORPORATION POLITICAL ACTION COMMITTEE,FEDEX CORPORATION,C,TN,2016|2018|2020|2022|2024|2026,FEDEX CORP,current,affiliated_exact
FE,C00140855,FIRSTENERGY CORP POLITICAL ACTION COMMITTEE,FIRSTENERGY CORP.,C,OH,2016|2018|2020|2022|2024|2026,FIRSTENERGY CORP,current,affiliated_exact
FICO,C00792127,FAIR ISAAC CORPORATION POLITICAL ACTION COMMITTEE (FICO PAC),FAIR ISAAC CORPORATION,C,CA,2022|2024|2026,FAIR ISAAC CORP,current,affiliated_exact
FISV,C00378166,FISERV CORP. PAC,FISERV CORPORATION,C,GA,2016,FISERV INC,current,affiliated_exact
FITB,C00290502,FIFTH THIRD BANCORP POLITICAL ACTION COMMITTEE,FIFTH THIRD BANCORP,C,DC,2016|2018|2020|2022|2024|2026,FIFTH THIRD BANCORP,current,affiliated_exact
FITB,C00393173,FIFTH THIRD BANCORP COMERICA INC. POLITICAL ACTION COMMITTEE,FIFTH THIRD BANCORP,C,TX,2016|2018|2020|2022|2024|2026,FIFTH THIRD BANCORP,current,affiliated_exact
FITB,C00817395,FIFTH THIRD BANCORP FEDERAL POLITICAL ACTION COMMITTEE,FIFTH THIRD BANCORP POLITICAL ACTION COMMITTEE,C,DC,2022|2024|2026,FIFTH THIRD BANCORP,current,affiliated_prefix
FOX,C00330019,FOX CORPORATION POLITICAL ACTION COMMITTEE  II (FOX PAC II),FOX CORPORATION,C,DC,2016|2018|2020,Fox Corp,current,affiliated_exact
FOX,C00693002,FOX CORPORATION POLITICAL ACTION COMMITTEE (FOX PAC),FOX CORPORATION,C,DC,2018|2020|2022|2024|2026,Fox Corp,current,affiliated_exact
FOXA,C00330019,FOX CORPORATION POLITICAL ACTION COMMITTEE  II (FOX PAC II),FOX CORPORATION,C,DC,2016|2018|2020,Fox Corp,current,affiliated_exact
FOXA,C00693002,FOX CORPORATION POLITICAL ACTION COMMITTEE (FOX PAC),FOX CORPORATION,C,DC,2018|2020|2022|2024|2026,Fox Corp,current,affiliated_exact
FSLR,C00489534,FIRST SOLAR INC. POLITICAL ACTION COMMITTEE,FIRST SOLAR INC.,C,AZ,2016|2018|2020|2022|2024|2026,"FIRST SOLAR, INC.",current,affiliated_exact
GD,C00078451,GENERAL DYNAMICS CORPORATION POLITICAL ACTION COMMITTEE (GENERAL DYNAMICS EMPLOYEE PAC),GENERAL DYNAMICS CORPORATION,C,VA,2016|2018|2020|2022|2024|2026,GENERAL DYNAMICS CORP,current,affiliated_exact
GE,C00024869,GENERAL ELECTRIC COMPANY AEROSPACE EMPLOYEE POLITICAL ACTION COMMITTEE (GE AEROSPACE PAC),GENERAL ELECTRIC COMPANY,C,DC,2016|2018|2020|2022|2024|2026,GENERAL ELECTRIC CO,current,affiliated_exact
GE,C00492223,GENERAL ELECTRIC COMPANY POLITICAL ACTION COMMITTEE-FEDERAL (GEPAC FEDERAL),GENERAL ELECTRIC COMPANY,C,DC,2016|2018,GENERAL ELECTRIC CO,current,affiliated_exact
GEHC,C00830208,GE HEALTHCARE TECHNOLOGIES INC. PAC,GE HEALTHCARE TECHNOLOGIES INC.,C,DC,2022|2024|2026,GE HealthCare Technologies Inc.,current,affiliated_exact
GEN,C00394031,NORTONLIFELOCK INC PAC,NORTONLIFELOCK INC,C,DC,2016|2018|2020,NortonLifeLock Inc.,former,affiliated_exact
GEV,C00861161,GE VERNOVA INC. POLITICAL ACTION COMMITTEE,GE VERNOVA INC.,C,DC,2024|2026,GE Vernova Inc.,current,affiliated_exact
GILD,C00396895,GILEAD SCIENCES INC HEALTHCARE POLICY PAC,"GILEAD SCIENCES, INC.",C,CA,2016|2018|2020|2022|2024|2026,"GILEAD SCIENCES, INC.",current,affiliated_exact
GIS,C00062646,"GENERAL MILLS, INC. POLITICAL ACTION COMMITTEE",GENERAL MILLS INC.,C,MN,2016|2018|2020|2022|2024|2026,GENERAL MILLS INC,current,affiliated_exact
GL,C00167460,GLOBE LIFE INC. PAC,GLOBE LIFE INC.,C,TX,2016|2018|2020|2022|2024|2026,GLOBE LIFE INC.,current,affiliated_exact
GLW,C00033589,CORNING INCORPORATED EMPLOYEES POLITICAL ACTION COMMITTEE (COREPAC),CORNING INCORPORATED,C,DC,2016|2018|2020|2022|2024|2026,CORNING INC /NY,current,affiliated_exact
GM,C00076810,GENERAL MOTORS COMPANY POLITICAL ACTION COMMITTEE (GM PAC),GENERAL MOTORS COMPANY,C,DC,2016|2018|2020|2022|2024|2026,General Motors Co,current,affiliated_exact
GPN,C00441980,"GLOBAL PAYMENTS, INC. PAC (GLOBAL PAYMENTS PAC)","GLOBAL PAYMENTS, INC.",C,GA,2016|2018|2020|2022|2024|2026,GLOBAL PAYMENTS INC,current,affiliated_exact
GPN,C00863670,"WORLDPAY, LLC GOOD GOVERNMENT FUND (WORLDPAY/GLOBAL PAYMENTS, INC. GOOD GOVERNMENT FUND)","GLOBAL PAYMENTS, INC.",C,OH,2024|2026,GLOBAL PAYMENTS INC,current,affiliated_exact
GRMN,C00660894,GARMIN INTERNATIONAL INC POLITICAL ACTION COMMITTEE,GARMIN INTERNATIONAL,C,KS,2018|2020|2022|2024|2026,GARMIN LTD,current,affiliated_prefix_1tok
GS,C00350744,"THE GOLDMAN SACHS GROUP, INC. POLITICAL ACTION COMMITTEE",THE GOLDMAN SACHS GROUP INC,C,DC,2016|2018|2020|2022|2024|2026,GOLDMAN SACHS GROUP INC,current,affiliated_exact
HAL,C00035691,HALLIBURTON COMPANY PAC,HALLIBURTON COMPANY,C,TX,2016|2018|2020|2022|2024|2026,HALLIBURTON CO,current,affiliated_exact
HBAN,C00165589,HUNTINGTON BANCSHARES INC. POLITICAL ACTION COMMITTEE  (HBI-PAC),HUNTINGTON BANCSHARES INC.,C,OH,2016|2018|2020|2022|2024|2026,HUNTINGTON BANCSHARES INC /MD/,current,affiliated_exact
HCA,C00067231,"HCA HEALTHCARE, INC. GOOD GOVERNMENT FUND","HCA HEALTHCARE, INC.",C,TN,2016|2018|2020|2022|2024|2026,"HCA Healthcare, Inc.",current,affiliated_exact
HD,C00284885,THE HOME DEPOT INC. POLITICAL ACTION COMMITTEE,THE HOME DEPOT INC.,C,DC,2016|2018|2020|2022|2024|2026,"HOME DEPOT, INC.",current,affiliated_exact
HIG,C00168864,"THE HARTFORD INSURANCE GROUP, INC. PAC (AKA THE HARTFORD ADVOCATES FUND)","THE HARTFORD INSURANCE GROUP, INC.",C,CT,2016|2018|2020|2022|2024|2026,"HARTFORD INSURANCE GROUP, INC.",current,affiliated_exact
HIG,C00511444,"THE HARTFORD INSURANCE GROUP, INC. FEDERAL PAC (AKA HARTFORD ADVOCATES FEDERAL FUND)","THE HARTFORD INSURANCE GROUP, INC.",C,CT,2016|2018|2020|2022|2024|2026,"HARTFORD INSURANCE GROUP, INC.",current,affiliated_exact
HII,C00325092,"HUNTINGTON INGALLS INDUSTRIES, INC. EMPLOYEES POLITICAL ACTION COMMITTEE (HIIPAC)","HUNTINGTON INGALLS INDUSTRIES, INC.",C,VA,2016|2018|2020|2022|2024|2026,"HUNTINGTON INGALLS INDUSTRIES, INC.",current,affiliated_exact
HII,C00364851,"HUNTINGTON INGALLS INDUSTRIES, INC CAMBER PAC","HUNTINGTON INGALLS INDUSTRIES, INC PAC (SHIPPAC)",C,AL,2016|2018,"HUNTINGTON INGALLS INDUSTRIES, INC.",current,affiliated_prefix
HLT,C00213074,HILTON WORLDWIDE POLITICAL ACTION COMMITTEE,HILTON WORLDWIDE,C,VA,2016|2018|2020|2022|2024|2026,Hilton Worldwide Holdings Inc.,current,affiliated_exact
HON,C00096156,HONEYWELL INTERNATIONAL INC. TECHNOLOGIES PUBLIC AFFAIRS COUNCIL (HONPAC),HONEYWELL INTERNATIONAL,C,DC,2016|2018|2020|2022|2024|2026,HONEYWELL INTERNATIONAL INC,current,affiliated_exact
HON,C00895235,SOLSTICE ADVANCED MATERIALS INC. POLITICAL ACTION COMMITTEE,HONEYWELL INTERNATIONAL POLITICAL ACTION COMMITTEE,C,DC,2026,HONEYWELL INTERNATIONAL INC,current,affiliated_prefix
HOOD,C00780304,"ROBINHOOD MARKETS, INC. PAC","ROBINHOOD MARKETS, INC",C,CA,2022|2024|2026,"Robinhood Markets, Inc.",current,affiliated_exact
HPE,C00196725,HEWLETT PACKARD ENTERPRISE COMPANY PAC,HEWLETT PACKARD ENTERPRISE COMPANY,C,DC,2016|2018|2020|2022|2024|2026,Hewlett Packard Enterprise Co,current,affiliated_exact
HPQ,C00626648,HP INC. POLITICAL ACTION COMMITTEE,HP INC.,C,DC,2016|2018|2020|2022,HP INC,current,affiliated_exact
HSY,C00200139,THE HERSHEY COMPANY POLITICAL ACTION COMMITTEE,THE HERSHEY COMPANY,C,PA,2016|2018|2020|2022|2024|2026,HERSHEY CO,current,affiliated_exact
HUM,C00271007,HUMANA INC. POLITICAL ACTION COMMITTEE,HUMANA INC.,C,KY,2016|2018|2020|2022|2024|2026,HUMANA INC,current,affiliated_exact
HWM,C00501106,ALCOA CORPORATION EMPLOYEES' POLITICAL ACTION COMMITTEE,ALCOA CORPORATION,C,DC,2016|2018|2020|2022|2024|2026,ALCOA INC.,former,affiliated_exact
HWM,C00552679,HOWMET AEROSPACE INC. EMPLOYEES VOLUNTARY POLITICAL ACTION COMMITTEE,HOWMET AEROSPACE INC.,C,OH,2016|2018|2020|2022|2024|2026,Howmet Aerospace Inc.,current,affiliated_exact
HWM,C00728030,ARCONIC CORPORATION EMPLOYEES' VOLUNTARY POLITICAL ACTION COMMITTEE,ARCONIC CORPORATION,C,PA,2020|2022|2024|2026,Arconic Inc.,former,affiliated_exact
ICE,C00443168,INTERCONTINENTAL EXCHANGE INC PAC,INTERCONTINENTALEXCHANGE INC.,C,GA,2016|2018|2020|2022|2024|2026,"Intercontinental Exchange, Inc.",current,affiliated_exact
INTC,C00125641,INTEL CORPORATION POLITICAL ACTION COMMITTEE,INTEL CORPORATION,C,DC,2016|2018|2020|2022|2024|2026,INTEL CORP,current,affiliated_exact
INTU,C00361741,INTUIT INC. 21ST CENTURY LEADERSHIP FUND,INTUIT INC.,C,DC,2016|2018|2020|2022|2024|2026,INTUIT INC.,current,affiliated_exact
IP,C00034405,INTERNATIONAL PAPER POLITICAL ACTION COMMITTEE (IP-PAC),INTERNATIONAL PAPER,C,DC,2016|2018|2020|2022|2024|2026,INTERNATIONAL PAPER CO /NEW/,current,affiliated_exact
IP,C00789602,SYLVAMO CORPORATION PAC,INTERNATIONAL PAPER POLITICAL ACTION COMMITTEE (IP-PAC),C,DC,2022|2024|2026,INTERNATIONAL PAPER CO /NEW/,current,affiliated_prefix
IRM,C00523936,IRON MOUNTAIN INCORPORATED EMPLOYEES PAC (IMPAC),IRON MOUNTAIN INCORPORATED,C,DC,2016|2018|2020|2022|2024|2026,IRON MOUNTAIN INC,current,affiliated_exact
ISRG,C00462622,INTUITIVE SURGICAL INC PAC,"INTUITIVE SURGICAL, INC.",C,CA,2016|2018|2020|2022|2024|2026,INTUITIVE SURGICAL INC,current,affiliated_exact
IVZ,C00253369,"INVESCO HOLDING COMPANY (US), INC. EMPLOYEE POLITICAL ACTION COMMITTEE","INVESCO HOLDING COMPANY (US), INC.",C,GA,2016|2018|2020|2022|2024|2026,Invesco Ltd.,current,affiliated_prefix_1tok
J,C00142299,"JACOBS SOLUTIONS, INC. POLITICAL ACTION COMMITTEE (JACOBS PAC)","JACOBS SOLUTIONS, INC.",C,DC,2016|2018|2020|2022|2024|2026,JACOBS SOLUTIONS INC.,current,affiliated_exact
JNJ,C00010983,JOHNSON & JOHNSON POLITICAL ACTION COMMITTEE,JOHNSON & JOHNSON,C,DC,2016|2018|2020|2022|2024|2026,JOHNSON & JOHNSON,current,affiliated_exact
JPM,C00104299,JPMORGAN CHASE & CO. FEDERAL POLITICAL ACTION COMMITTEE,JPMORGAN CHASE & CO.,C,DC,2016|2018|2020|2022|2024|2026,JPMORGAN CHASE & CO,current,affiliated_exact
JPM,C00128512,JPMORGAN CHASE & CO. PAC,JPMORGAN CHASE & CO.,C,DC,2016|2018|2020|2022|2024|2026,JPMORGAN CHASE & CO,current,affiliated_exact
KDP,C00484451,KEURIG DR PEPPER INC. PAC,KEURIG DR PEPPER INC.,C,TX,2016|2018|2020|2022|2024|2026,Keurig Dr Pepper Inc.,current,affiliated_exact
KEY,C00073155,KEYCORP ADVOCATES FUND,KEYCORP,C,OH,2016|2018|2020|2022|2024|2026,KEYCORP /NEW/,current,affiliated_exact
KEY,C00399063,KEYCORP ADVOCATES FUND-FEDERAL,KEYCORP,C,OH,2016|2018|2020|2022|2024|2026,KEYCORP /NEW/,current,affiliated_exact
KHC,C00077701,THE KRAFT HEINZ COMPANY POLITICAL ACTION COMMITTEE (KRAFTHEINZPAC),THE KRAFT HEINZ COMPANY,C,DC,2016|2018|2020|2022|2024|2026,Kraft Heinz Co,current,affiliated_exact
KHC,C00336040,THE KRAFT HEINZ COMPANY POLITICAL ACTION COMMITTEE (HEINZPAC),THE KRAFT HEINZ COMPANY,C,PA,2016,Kraft Heinz Co,current,affiliated_exact
KO,C00012468,THE COCA-COLA COMPANY NONPARTISAN COMMITTEE FOR GOOD GOVERNMENT,THE COCA-COLA COMPANY,C,GA,2016|2018|2020|2022|2024|2026,COCA COLA CO,current,affiliated_exact
KR,C00059238,THE KROGER CO. POLITICAL ACTION COMMITTEE,THE KROGER CO.,C,OH,2016|2018|2020|2022|2024|2026,KROGER CO,current,affiliated_exact
L,C00416495,LOEWS CORPORATION PUBLIC AFFAIRS COMMITTEE,LOEWS CORPORATION,C,NY,2016|2018|2020|2022|2024,LOEWS CORP,current,affiliated_exact
LDOS,C00546234,LEIDOS INC. POLITICAL ACTION COMMITTEE,"LEIDOS, INC.",C,VA,2016|2018|2020|2022|2024|2026,"Leidos Holdings, Inc.",current,affiliated_exact
LH,C00314997,LABORATORY CORPORATION OF AMERICA HOLDINGS POLITICAL PARTICIPATION COMMITTEE,LABORATORY CORPORATION OF AMERICA HOLDINGS,C,NC,2016|2018|2020|2022|2024|2026,LABORATORY CORP OF AMERICA HOLDINGS,former,affiliated_exact
LHX,C00100321,"L3HARRIS TECHNOLOGIES, INC. PAC","L3HARRIS TECHNOLOGIES, INC.",C,VA,2016|2018|2020|2022|2024|2026,"L3HARRIS TECHNOLOGIES, INC. /DE/",current,affiliated_exact
LHX,C00129122,AEROJET ROCKETDYNE AN L3HARRIS TECHNOLOGIES COMPANY PAC,AEROJET ROCKETDYNE AN L3HARRIS TECHNOLOGIES COMPANY,C,DC,2016|2018|2020|2022|2024,"L3HARRIS TECHNOLOGIES, INC. /DE/",current,name_contains_pac
LHX,C00141002,EXELIS EMPLOYEES PAC / HARRIS CORPORATION,HARRIS CORPORATION,C,DC,2016,HARRIS CORP /DE/,former,affiliated_exact
LIN,C00283440,LINDE INC. POLITICAL ACTION COMMITTEE,LINDE INC.,C,CT,2016|2018|2020|2022|2024|2026,LINDE PLC,current,affiliated_exact
LIN,C00471193,LINDE NORTH AMERICA INC ALLIANCE FOR GOOD GOVERNMENT (LINDE PAC),"LINCARE HOLDINGS, INC. EMPLOYEE ACTION FUND (LINCARE EMPLOYEE ACTION FUND)",C,CT,2016|2018|2020,LINDE PLC,current,name_contains_pac
LLY,C00082792,ELI LILLY AND COMPANY POLITICAL ACTION COMMITTEE,ELI LILLY AND COMPANY,C,IN,2016|2018|2020|2022|2024|2026,ELI LILLY & Co,current,affiliated_exact
LMT,C00303024,LOCKHEED MARTIN CORPORATION EMPLOYEES' POLITICAL ACTION COMMITTEE,LOCKHEED MARTIN CORPORATION,C,VA,2016|2018|2020|2022|2024|2026,LOCKHEED MARTIN CORP,current,affiliated_exact
LNT,C00132092,ALLIANT ENERGY CORPORATION EMPLOYEE'S POLITICAL ACTION COMM,NONE,C,DC,2016|2018|2020|2022|2024|2026,ALLIANT ENERGY CORP,current,name_contains_pac
LOW,C00251751,"LOWE'S COMPANIES, INC. POLITICAL ACTION COMMITTEE","LOWE'S COMPANIES, INC.",C,NC,2016|2018|2020|2022|2024|2026,LOWES COMPANIES INC,current,affiliated_exact
LUV,C00341602,SOUTHWEST AIRLINES CO. POLITICAL ACTION COMMITTEE (SWAPAC),SOUTHWEST AIRLINES CO,C,TX,2016|2018|2020|2022|2024|2026,SOUTHWEST AIRLINES CO,current,affiliated_exact
LVS,C00399642,LAS VEGAS SANDS CORP. POLITICAL ACTION COMMITTEE (SANDS PAC),LAS VEGAS SANDS CORP.,C,NV,2016|2018|2020|2022|2024|2026,LAS VEGAS SANDS CORP,current,affiliated_exact
MA,C00410274,MASTERCARD INTERNATIONAL INC. EMPLOYEE PAC (MASTERCARD PAC) OR (MASTERCARD EMPLOYEE PAC),MASTERCARD INTERNATIONAL INC.,C,DC,2016|2018|2020|2022|2024|2026,Mastercard Inc,current,affiliated_prefix_1tok
MAR,C00284810,"MARRIOTT INTERNATIONAL, INC. POLITICAL ACTION COMMITTEE","MARRIOTT INTERNATIONAL, INC.",C,MD,2016|2018|2020|2022|2024|2026,MARRIOTT INTERNATIONAL INC /MD/,current,affiliated_exact
MCD,C00063164,MCDONALDS CORPORATION POLITICAL ACTION COMMITTEE,MCDONALDS CORPORATION,C,IL,2016|2018|2020|2022|2024|2026,MCDONALDS CORP,current,affiliated_exact
MCK,C00108035,MCKESSON CORPORATION EMPLOYEES POLITICAL FUND,MCKESSON CORPORATION,C,DC,2016|2018|2020|2022|2024|2026,MCKESSON CORP,current,affiliated_exact
MCK,C00465583,VANTAGE ONCOLOGY LLC PAC CORPORATION (VANTAGE PAC),MCKESSON CORPORATION,C,CA,2016,MCKESSON CORP,current,affiliated_exact
MDLZ,C00529073,"MONDELEZ INTERNATIONAL, INC. PAC",MONDELEZ INTERNATIONAL INC.,C,DC,2016|2018|2020|2022|2024|2026,"Mondelez International, Inc.",current,affiliated_exact
MDT,C00311878,MEDTRONIC INC. PAC,MEDTRONIC INC.,C,DC,2016|2018|2020|2022|2024|2026,Medtronic plc,current,affiliated_exact
MET,C00040923,METLIFE INC. EMPLOYEES' POLITICAL PARTICIPATION FUND A,METLIFE INC.,C,NY,2016|2018|2020|2022|2024|2026,METLIFE INC,current,affiliated_exact
MET,C00493551,METLIFE INC. EMPLOYEES' POLITICAL PARTICIPATION FUND A - FEDERAL ONLY,METLIFE INC.,C,NY,2016|2018|2020|2022|2024|2026,METLIFE INC,current,affiliated_exact
META,C00502906,"META PLATFORMS, INC. PAC","META PLATFORMS, INC.",C,DC,2016|2018|2020|2022|2024|2026,"Meta Platforms, Inc.",current,affiliated_exact
MGM,C00299321,MGM RESORTS INTERNATIONAL  PAC,MGM RESORTS INTERNATIONAL,C,CA,2016|2018|2020|2022|2024|2026,MGM Resorts International,current,affiliated_exact
MMM,C00084475,3M COMPANY PAC,3M COMPANY,C,MN,2016|2018|2020|2022|2024|2026,3M CO,current,affiliated_exact
MO,C00089136,"ALTRIA GROUP,  INC. POLITICAL ACTION COMMITTEE (ALTRIAPAC)","ALTRIA GROUP, INC.",C,DC,2016|2018|2020|2022|2024|2026,"ALTRIA GROUP, INC.",current,affiliated_exact
MPC,C00496307,MARATHON PETROLEUM CORPORATION EMPLOYEES POLITICAL ACTION COMMITTEE (MPAC),MARATHON PETROLEUM CORPORATION,C,OH,2016|2018|2020|2022|2024|2026,Marathon Petroleum Corp,current,affiliated_exact
MRK,C00097485,"MERCK & CO., INC., EMPLOYEES POLITICAL ACTION COMMITTEE (MERCK PAC)","MERCK & CO., INC.",C,DC,2016|2018|2020|2022|2024|2026,"Merck & Co., Inc.",current,affiliated_exact
MRSH,C00457234,"MARSH & MCLENNAN COMPANIES, INC. POLITICAL ACTION COMMITTEE (MARSH PAC)","MARSH & MCLENNAN COMPANIES, INC.",C,NY,2016|2018|2020|2022|2024|2026,"MARSH & MCLENNAN COMPANIES, INC.",current,affiliated_exact
MS,C00337626,MORGAN STANLEY POLITICAL ACTION COMMITTEE,MORGAN STANLEY,C,DC,2016|2018|2020|2022|2024|2026,MORGAN STANLEY,current,affiliated_exact
MSFT,C00227546,MICROSOFT CORPORATION STAKEHOLDERS VOLUNTARY PAC - MSVPAC,MICROSOFT CORPORATION,C,WA,2016|2018|2020|2022|2024|2026,MICROSOFT CORP,current,affiliated_exact
MSI,C00075341,"MOTOROLA SOLUTIONS, INC. POLITICAL ACTION COMMITTEE","MOTOROLA SOLUTIONS, INC.",C,DC,2016|2018|2020|2022|2024|2026,"Motorola Solutions, Inc.",current,affiliated_exact
MTB,C00137273,M&T BANK AND WILMINGTON TRUST POLITICAL ACTION COMMITTEE,M&T BANK,C,NY,2016|2018|2020|2022|2024|2026,M&T BANK CORP,current,affiliated_exact
MU,C00443671,"MICRON TECHNOLOGY, INC. EMPLOYEE PAC","MICRON TECHNOLOGY, INC.",C,ID,2016|2018|2020|2022|2024|2026,MICRON TECHNOLOGY INC,current,affiliated_exact
NDAQ,C00366013,"NASDAQ, INC. PAC (NASDAQ PAC)","NASDAQ, INC.",C,DC,2016|2018|2020|2022|2024|2026,"NASDAQ, INC.",current,affiliated_exact
NEE,C00064774,"NEXTERA ENERGY, INC. POLITICAL ACTION COMMITTEE","NEXTERA ENERGY, INC",C,DC,2016|2018|2020|2022|2024|2026,NEXTERA ENERGY INC,current,affiliated_exact
NEM,C00206672,NEWMONT CORPORATION PAC (NEWPAC),NEWMONT CORPORATION,C,CO,2016|2018|2020|2022|2024|2026,NEWMONT Corp /DE/,current,affiliated_exact
NI,C00051979,NISOURCE INC. PAC,NISOURCE INC.,C,OH,2016|2018|2020|2022|2024|2026,NISOURCE INC.,current,affiliated_exact
NKE,C00142786,NIKE INC FEDERAL POLITICAL ACTION COMMITTEE (NIKE FEDERAL PAC),"NIKE, INC.",C,OR,2016|2018|2020|2022|2024|2026,"NIKE, Inc.",current,affiliated_exact
NOC,C00088591,EMPLOYEES OF NORTHROP GRUMMAN CORPORATION PAC,NORTHROP GRUMMAN CORPORATION,C,VA,2016|2018|2020|2022|2024|2026,NORTHROP GRUMMAN CORP /DE/,current,affiliated_exact
NOC,C00250209,NORTHROP GRUMMAN INNOVATION SYSTEMS INC. POLITICAL ACTION COMMITTEE AKA OAPAC,NORTHROP GRUMMAN INNOVATION SYSTEMS INC.,C,VA,2016|2018|2020,NORTHROP GRUMMAN CORP /DE/,current,affiliated_prefix
NRG,C00366559,NRG ENERGY INC POLITICAL ACTION COMMITTEE,"NRG ENERGY, INC.",C,TX,2016|2018|2020|2022|2024|2026,"NRG ENERGY, INC.",current,affiliated_exact
NSC,C00009282,NORFOLK SOUTHERN CORPORATION GOOD GOVERNMENT FUND,NORFOLK SOUTHERN CORPORATION,C,DC,2016|2018|2020|2022|2024|2026,NORFOLK SOUTHERN CORP,current,affiliated_exact
NTRS,C00024935,NORTHERN TRUST CORPORATION POLITICAL ACTION COMMITTEE (NORTHERN TRUST PAC),NORTHERN TRUST CORPORATION FEDERAL POLITICAL ACTION COMMITTEE,C,IL,2016|2018|2020|2022|2024|2026,NORTHERN TRUST CORP,current,affiliated_prefix
NTRS,C00515148,NORTHERN TRUST CORPORATION FEDERAL POLITICAL ACTION COMMITTEE (NORTHERN TRUST FEDERAL PAC),NORTHERN TRUST CORPORATION,C,IL,2016|2018|2020|2022|2024|2026,NORTHERN TRUST CORP,current,affiliated_exact
NUE,C00379628,NUCOR CORPORATION POLITICAL ACTION COMMITTEE,NUCOR CORPORATION,C,NC,2016|2018|2020|2022|2024|2026,NUCOR CORP,current,affiliated_exact
NWS,C00546101,NEWS CORPORATION POLITICAL ACTION COMMITTEE (NEWS CORP PAC),NEWS CORPORATION,C,NY,2016|2018|2020|2022|2024|2026,NEWS CORP,current,affiliated_exact
NWSA,C00546101,NEWS CORPORATION POLITICAL ACTION COMMITTEE (NEWS CORP PAC),NEWS CORPORATION,C,NY,2016|2018|2020|2022|2024|2026,NEWS CORP,current,affiliated_exact
ODFL,C00496836,OLD DOMINION FREIGHT LINE INC. POLITICAL ACTION COMMITTEE (OLD DOMINION PAC),"OLD DOMINION FREIGHT LINE, INC",C,NC,2016|2018|2020|2022|2024|2026,"OLD DOMINION FREIGHT LINE, INC.",current,affiliated_exact
OKE,C00215384,ONEOK INC. EMPLOYEE POLITICAL ACTION COMMITTEE,ONEOK INC.,C,OK,2016|2018|2020|2022|2024|2026,ONEOK INC /NEW/,current,affiliated_exact
ORCL,C00323048,"ORACLE AMERICA, INC. POLITICAL ACTION COMMITTEE (ORACLE PAC)","ORACLE AMERICA, INC.",C,DC,2016|2018|2020|2022|2024|2026,ORACLE CORP,current,affiliated_prefix_1tok
OTIS,C00742239,OTIS WORLDWIDE CORPORATION POLITICAL ACTION COMMITTEE,OTIS WORLDWIDE CORPORATION,C,CT,2020|2022|2024|2026,Otis Worldwide Corp,current,affiliated_exact
OXY,C00083857,OCCIDENTAL PETROLEUM CORPORATION POLITICAL ACTION COMMITTEE,OCCIDENTAL PETROLEUM CORPORATION,C,DC,2016|2018|2020|2022|2024|2026,OCCIDENTAL PETROLEUM CORP /DE/,current,affiliated_exact
PCAR,C00034355,PEOPLE PAC (PACCAR INC EMPLOYEES ORGANIZED FOR POLITICAL LEADERSHIP AND EDUCATION PAC),PACCAR INC,C,WA,2016|2018|2020|2022|2024|2026,PACCAR INC,current,affiliated_exact
PCG,C00177469,PG&E CORPORATION EMPLOYEES ENERGYPAC,PG&E CORPORATION,C,CA,2016|2018|2020|2022|2024|2026,PG&E Corp,current,affiliated_exact
PEG,C00383489,PUBLIC SERVICE ENTERPRISE GROUP INC. POLITICAL ACTION COMMITTEE (PEGPAC),PUBLIC SERVICE ENTERPRISE GROUP,C,NJ,2016|2018|2020|2022|2024|2026,PUBLIC SERVICE ENTERPRISE GROUP INC,current,affiliated_exact
PEP,C00039321,"PEPSICO, INC. CONCERNED CITIZENS FUND","PEPSICO, INC.",C,NY,2016|2018|2020|2022|2024|2026,PEPSICO INC,current,affiliated_exact
PFE,C00016683,PFIZER INC. PAC,PFIZER INC.,C,NY,2016|2018|2020|2022|2024|2026,PFIZER INC,current,affiliated_exact
PFE,C00788661,"GLOBAL BLOOD THERAPEUTICS, INC. POLITICAL ACTION COMMITTEE (GBT PAC)",PFIZER INC.,C,CA,2022,PFIZER INC,current,affiliated_exact
PG,C00257329,THE PROCTER & GAMBLE COMPANY GOOD GOVERNMENT FUND,THE PROCTER & GAMBLE COMPANY,C,OH,2016|2018|2020|2022|2024|2026,PROCTER & GAMBLE Co,current,affiliated_exact
PH,C00135459,PARKER -HANNIFIN CORPORATION POLITICAL ACTION COMMITTEE,PARKER-HANNIFIN CORPORATION,C,OH,2016|2018|2020|2022|2024|2026,Parker-Hannifin Corp,current,affiliated_exact
PHM,C00560839,"PULTEGROUP, INC. POLITICAL ACTION COMMITTEE (PULTE PAC)","PULTEGROUP, INC.",C,CA,2016|2018|2020|2022|2024|2026,PULTEGROUP INC/MI/,current,affiliated_exact
PLTR,C00498691,EMPLOYEES OF PALANTIR TECHNOLOGIES INC. PAC,PALANTIR TECHNOLOGIES INC.,C,DC,2016|2018|2020|2022|2024|2026,Palantir Technologies Inc.,current,affiliated_exact
PNC,C00035519,"BIPARTISAN VOLUNTARY PUBLIC AFFAIRS COMMITTEE OF THE PNC FINANCIAL SERVICES GROUP, INC. (PNC PAC)","FEDERAL BIPARTISAN VOLUNTARY PUBLIC AFFAIRS COMMITTEE OF THE PNC FINANCIAL SERVICES GROUP, INC. (PNC",C,DC,2016|2018|2020|2022|2024|2026,"PNC FINANCIAL SERVICES GROUP, INC.",current,name_contains_pac
PNC,C00142596,"BBVA PAC OF THE PNC FINANCIAL SERVICES GROUP, INC.","BBVA USA BANCSHARES, INC.",C,AL,2016|2018|2020|2022,"PNC FINANCIAL SERVICES GROUP, INC.",current,name_contains_pac
PNC,C00186064,"FEDERAL BIPARTISAN VOLUNTARY PUBLIC AFFAIRS COMMITTEE OF THE PNC FINANCIAL SERVICES GROUP, INC. (PNC","THE PNC FINANCIAL SERVICES GROUP, INC.",C,DC,2016|2018|2020|2022|2024|2026,"PNC FINANCIAL SERVICES GROUP, INC.",current,affiliated_exact
PNW,C00015933,PINNACLE WEST CAPITAL CORPORATION PAC,PINNACLE WEST CAPITAL CORPORATION,C,AZ,2016|2018|2020|2022|2024|2026,PINNACLE WEST CAPITAL CORP,current,affiliated_exact
PPG,C00034298,PPG INDUSTRIES INC. PAC,PPG INDUSTRIES INC.,C,PA,2016|2018|2020|2022|2024|2026,PPG INDUSTRIES INC,current,affiliated_exact
PRU,C00127779,PRUDENTIAL FINANCIAL INC. FEDERAL POLITICAL ACTION COMMITTEE (AKA - PRUDENTIAL FEDERAL PAC),"PRUDENTIAL FINANCIAL, INC.",C,NJ,2016|2018|2020|2022|2024|2026,PRUDENTIAL FINANCIAL INC,current,affiliated_exact
PRU,C00493304,"PRUDENTIAL FINANCIAL, INC. STATE & FEDERAL POLITICAL ACTION COMMITTEE (AKA PRUDENTIAL STATE & FEDERAL PAC)","PRUDENTIAL FINANCIAL, INC.",C,NJ,2016|2018|2020|2022|2024|2026,PRUDENTIAL FINANCIAL INC,current,affiliated_exact
PSX,C00513549,PHILLIPS 66 PAC,PHILLIPS 66,C,DC,2016|2018|2020|2022|2024|2026,Phillips 66,current,affiliated_exact
PWR,C00720920,"EMPLOYEES OF QUANTA SERVICES, INC.","QUANTA SERVICES, INC",C,TX,2020|2022|2024|2026,"QUANTA SERVICES, INC.",current,affiliated_exact
PYPL,C00581686,"PAYPAL HOLDINGS, INC PAC (PAYPAL PAC)","PAYPAL HOLDINGS, INC",C,CA,2016|2018|2020|2022|2024|2026,"PayPal Holdings, Inc.",current,affiliated_exact
QCOM,C00339085,QUALCOMM INCORPORATED POLITICAL ACTION COMMITTEE (QPAC),QUALCOMM INCORPORATED,C,DC,2016|2018|2020|2022|2024|2026,QUALCOMM INC/DE,current,affiliated_exact
REGN,C00562264,"REGENERON PHARMACEUTICALS, INC. PAC","REGENERON PHARMACEUTICALS, INC.",C,NY,2016|2018|2020|2022|2024|2026,"REGENERON PHARMACEUTICALS, INC.",current,affiliated_exact
RF,C00432252,REGIONS FINANCIAL CORPORATION POLITICAL ACTION COMMITTEE,REGIONS FINANCIAL CORPORATION,C,DC,2016|2018|2020|2022|2024|2026,REGIONS FINANCIAL CORP,current,affiliated_exact
ROL,C00131219,ROLLINS INC POLITICAL ACTION COMMITTEE,,C,GA,2016|2018|2020|2022|2024|2026,ROLLINS INC,current,name_prefix_pac_weak
RSG,C00428391,REPUBLIC SERVICES INC. EMPLOYEES FOR BETTER GOVT. PAC,REPUBLIC SERVICES INC.,C,AZ,2016|2018|2020|2022|2024|2026,"REPUBLIC SERVICES, INC.",current,affiliated_exact
RTX,C00035683,RAYTHEON TECHNOLOGIES CORPORATION PAC (FORMERLY UTC PAC),UNITED TECHNOLOGIES CORPORATION,C,DC,2016|2018|2020,RAYTHEON TECHNOLOGIES CORP,former,name_contains_pac
RTX,C00097568,EMPLOYEES OF RTX CORPORATION POLITICAL ACTION COMMITTEE,RTX CORPORATION,C,VA,2016|2018|2020|2022|2024|2026,RTX Corp,current,affiliated_exact
SO,C00144774,SOUTHERN COMPANY EMPLOYEES PAC,SOUTHERN COMPANY,C,GA,2016|2018|2020|2022|2024|2026,SOUTHERN CO,current,affiliated_exact
SO,C00145037,SOUTHERN COMPANY GAS EMPLOYEES PAC,SOUTHERN COMPANY GAS,C,GA,2016|2018|2020|2022|2024|2026,SOUTHERN CO,current,affiliated_prefix_1tok
SO,C00250407,"SOUTHERN NUCLEAR OPERATING COMPANY, INC. PAC",SOUTHERN NUCLEAR OPERATING COMPANY,C,AL,2016|2018|2020|2022|2024|2026,SOUTHERN CO,current,affiliated_prefix_1tok
SOLV,C00906925,SOLVENTUM CORPORATION POLITICAL ACTION COMMITTEE,SOLVENTUM CORPORATION,C,MN,2026,Solventum Corp,current,affiliated_exact
SPGI,C00494682,S&P GLOBAL INC. POLITICAL ACTION COMMITTEE,S&P GLOBAL INC.,C,NY,2016|2018|2020|2022|2024|2026,S&P Global Inc.,current,affiliated_exact
SRE,C00008748,SEMPRA ENERGY EMPLOYEES POLITICAL ACTION COMMITTEE- FEDERAL,SEMPRA,C,CA,2016|2018|2020|2022|2024|2026,SEMPRA,current,affiliated_exact
STE,C00368720,STERIS CORPORATION EMPLOYEE POLITICAL ACTION COMMITTEE (A.K.A. STERIS EMPLOYEE PAC),STERIS CORPORATION,C,OH,2016|2018|2020|2022|2024|2026,STERIS plc,current,affiliated_exact
STT,C00072751,STATE STREET BANK AND TRUST COMPANY VOLUNTARY POLITICAL ACTION COMMITTEE,STATE STREET BANK AND TRUST COMPANY,C,MA,2016|2018|2020|2022|2024|2026,STATE STREET CORP,current,affiliated_prefix
STZ,C00304832,CONSTELLATION BRANDS INC POLITICAL ACTION COMMITTEE,"CONSTELLATION BRANDS, INC.",C,NY,2016|2018|2020|2022|2024|2026,"CONSTELLATION BRANDS, INC.",current,affiliated_exact
SW,C00117424,SMURFIT WESTROCK U.S. HOLDINGS CORPORATION  POLITICAL ACTION COMMITTEE,SMURFIT WESTROCK U.S. HOLDINGS CORPORATION,C,GA,2016|2018|2020|2022|2024|2026,Smurfit Westrock plc,current,affiliated_prefix
SWK,C00060087,"STANLEY BLACK & DECKER, INC. POLITICAL ACTION COMMITTEE","STANLEY BLACK & DECKER, INC.",C,DC,2018|2020|2022|2024|2026,"STANLEY BLACK & DECKER, INC.",current,affiliated_exact
SYF,C00589119,SYNCHRONY FINANCIAL EMPLOYEES POLITICAL ACTION COMMITTEE (SYNCPAC),SYNCHRONY FINANCIAL,C,DC,2016|2018|2020|2022|2024|2026,Synchrony Financial,current,affiliated_exact
SYY,C00589663,SYSCO CORPORATION GOOD GOVERNMENT COMMITTEE,SYSCO CORPORATION,C,TX,2016|2018|2020|2022|2024|2026,SYSCO CORP,current,affiliated_exact
T,C00109017,AT&T INC. EMPLOYEE FEDERAL POLITICAL ACTION COMMITTEE (AT&T EMPLOYEE FEDERAL PAC),AT&T INC.,C,TX,2016|2018|2020|2022|2024|2026,AT&T INC.,current,affiliated_exact
T,C00339291,"WARNER MEDIA, LLC PAC (WARNERMEDIA PAC)",AT&T INC. FEDERAL POLITICAL ACTION COMMITTEE (AT&T FEDERAL PAC),C,DC,2016|2018|2020,AT&T INC.,current,affiliated_prefix
T,C00377044,AT&T INC. OHIO EMPLOYEE POLITICAL ACTION COMMITTEE (AT&T OHIO PAC),AT&T INC.,C,OH,2016|2018|2020|2022|2024|2026,AT&T INC.,current,affiliated_exact
TAP,C00457697,MOLSON COORS BEVERAGE COMPANY USA LLC PAC,MOLSON COORS BEVERAGE COMPANY USA LLC,C,DC,2016|2018|2020|2022|2024|2026,MOLSON COORS BEVERAGE CO,current,affiliated_prefix
TDG,C00714329,TRANSDIGM GROUP INC. EMPLOYEE POLITICAL ACTION COMMITTEE,TRANSDIGM GROUP INC.,C,OH,2020|2022|2024|2026,TransDigm Group INC,current,affiliated_exact
TDY,C00357285,TELEDYNE TECHNOLOGIES INCORPORATED PAC,TELEDYNE TECHNOLOGIES INCORPORATED,C,CA,2016,TELEDYNE TECHNOLOGIES INC,current,affiliated_exact
TEL,C00433482,TE CONNECTIVITY CORPORATION POLITICAL ACTION COMMITTEE TEPAC,TE CONNECTIVITY CORPORATION,C,DC,2016|2018|2020|2022|2024|2026,TE Connectivity plc,current,affiliated_exact
TFC,C00009639,"TRUIST FINANCIAL CORPORATION FEDERAL, STATE & LOCAL POLITICAL ACTION COMMITTEE (FORMERLY SUNTRUST BANKS, INC. MAIN STREET BANKERS PAC)",TRUIST FINANCIAL CORPORATION,C,VA,2016|2018|2020|2022|2024|2026,TRUIST FINANCIAL CORP,current,affiliated_exact
TFC,C00075291,TRUIST FINANCIAL CORPORATION POLITICAL ACTION COMMITTEE (FORMERLY BRANCH BANK AND TRUST POLITICAL ACTION COMMITTEE),TRUIST FINANCIAL CORPORATION,C,VA,2016|2018|2020,TRUIST FINANCIAL CORP,current,affiliated_exact
TFC,C00386524,"TRUIST FINANCIAL CORPORATION FEDERAL PAC (FORMERLY SUNTRUST BANKS, INC. POLITICAL ACTION COMMITTEE)",TRUIST FINANCIAL CORPORATION,C,VA,2016|2018|2020|2022|2024|2026,TRUIST FINANCIAL CORP,current,affiliated_exact
TGT,C00098061,TARGET CORPORATION CITIZENS POLITICAL FORUM (TARGETCITIZENS POLITICAL FORUM),TARGET CORPORATION,C,MN,2016|2018|2020|2022|2024|2026,TARGET CORP,current,affiliated_exact
TKO,C00459693,"TKO GROUP HOLDINGS, INC. PAC (TKO PAC)","TKO GROUP HOLDINGS, INC.",C,DC,2016|2018|2020|2022|2024|2026,"TKO Group Holdings, Inc.",current,affiliated_exact
TMO,C00292318,THERMO FISHER SCIENTIFIC INC. PAC,THERMO FISHER SCIENTIFIC INC. PAC,C,MA,2016|2018|2020|2022|2024|2026,THERMO FISHER SCIENTIFIC INC.,current,affiliated_prefix
TMUS,C00089342,"T-MOBILE US, INC./SPRINT CORPORATION POLITICAL ACTION COMMITTEE","T-MOBILE USA, INC.  POLITICAL ACTION COMMITTEE (T-PAC)",C,DC,2016|2018|2020|2022,"T-Mobile US, Inc.",current,name_contains_pac
TMUS,C00361758,"T-MOBILE US, INC.  POLITICAL ACTION COMMITTEE (T-PAC)","T-MOBILE US, INC.  POLITICAL ACTION COMMITTEE (T-PAC)",C,DC,2016|2018|2020|2022|2024|2026,"T-Mobile US, Inc.",current,affiliated_prefix
TRGP,C00510016,TARGA RESOURCES CORP. FEDERAL PAC,TARGA RESOURCES CORP.,C,TX,2016|2018|2020|2022|2024|2026,Targa Resources Corp.,current,affiliated_exact
TRV,C00376376,"THE TRAVELERS COMPANIES, INC. POLITICAL ACTION COMMITTEE (T-PAC)",THE TRAVELERS COMPANIES INC.,C,CT,2016|2018|2020|2022|2024|2026,"TRAVELERS COMPANIES, INC.",current,affiliated_exact
TSCO,C00763664,TRACTOR SUPPLY COMPANY POLITICAL ACTION COMMITTEE,TRACTOR SUPPLY COMPANY,C,TN,2020|2022|2024|2026,TRACTOR SUPPLY CO /DE/,current,affiliated_exact
TSN,C00169821,TYSON FOODS INC POLITICAL ACTION COMMITTEE (TYPAC),TYSON FOODS INC.,C,DC,2016|2018|2020|2022|2024|2026,"TYSON FOODS, INC.",current,affiliated_exact
TT,C00492314,TRANE TECHNOLOGIES COMPANY LLC POLITICAL ACTION COMMITTEE,TRANE TECHNOLOGIES COMPANY LLC,C,NC,2016|2018|2020|2022|2024|2026,Trane Technologies plc,current,affiliated_exact
TXN,C00007070,TEXAS INSTRUMENTS INCORPORATED POLITICAL ACTION COMMITTEE (TI PAC),TEXAS INSTRUMENTS INCORPORATED,C,TX,2016|2018|2020|2022|2024|2026,TEXAS INSTRUMENTS INC,current,affiliated_exact
TXT,C00123612,TEXTRON INC. POLITICAL ACTION COMMITTEE,BEECHCRAFT INC. POLITICAL ACTION COMMITTEE (BEECHCRAFT PAC),C,RI,2016|2018|2020|2022|2024|2026,TEXTRON INC,current,name_prefix_pac
UAL,C00078261,UNITED AIRLINES POLITICAL ACTION COMMITTEE,UNITED AIRLINES POLITICAL ACTION COMMITTEE,C,IL,2016,"United Airlines Holdings, Inc.",current,affiliated_prefix
UAL,C00101766,"UNITED AIRLINES, INC. POLITICAL ACTION COMMITTEE (UAPAC)","UNITED AIRLINES, INC.",C,IL,2016|2018|2020|2022|2024|2026,"United Airlines Holdings, Inc.",current,affiliated_exact
UBER,C00907683,"UBER TECHNOLOGIES, INC. SEPARATE SEGREGATED FUND","UBER TECHNOLOGIES, INC.",C,DC,2026,"Uber Technologies, Inc",current,affiliated_exact
UHS,C00185520,"UNIVERSAL HEALTH SERVICES, INC. GOOD GOVERNMENT FUND (UHS GOOD GOVERNMENT FUND)","UNIVERSAL HEALTH SERVICES, INC. GOOD GOVERNMENT FUND (UHS GOOD GOVERNMENT FUND)",C,PA,2016|2018|2020|2022|2024|2026,UNIVERSAL HEALTH SERVICES INC,current,affiliated_prefix
UNH,C00274431,UNITEDHEALTH GROUP INCORPORATED PAC (UNITEDHEALTH GROUP PAC),UNITEDHEALTH GROUP INCORPORATED,C,DC,2016|2018|2020|2022|2024|2026,UNITEDHEALTH GROUP INC,current,affiliated_exact
UNP,C00010470,UNION PACIFIC CORP. FUND FOR EFFECTIVE GOVERNMENT,UNION PACIFIC CORP.,C,DC,2016|2018|2020|2022|2024|2026,UNION PACIFIC CORP,current,affiliated_exact
UPS,C00064766,"UNITED PARCEL SERVICE, INC. PAC (UPSPAC)","UNITED PARCEL SERVICE, INC.",C,DC,2016|2018|2020|2022|2024|2026,UNITED PARCEL SERVICE INC,current,affiliated_exact
V,C00365122,"VISA, INC. POLITICAL ACTION COMMITTEE",VISA INC,C,DC,2016|2018|2020|2022|2024|2026,VISA INC.,current,affiliated_exact
VLO,C00109546,VALERO ENERGY CORPORATION POLITICAL ACTION COMMITTEE,VALERO ENERGY CORPORATION,C,TX,2016|2018|2020|2022|2024|2026,VALERO ENERGY CORP/TX,current,affiliated_exact
VMC,C00116020,VULCAN MATERIALS COMPANY POLITICAL ACTION COMMITTEE,VULCAN MATERIALS COMPANY,C,AL,2016|2018|2020|2022|2024|2026,Vulcan Materials CO,current,affiliated_exact
VRTX,C00468660,VERTEX PHARMACEUTICALS INCORPORATED POLITICAL ACTION COMMITTEE (VPAC),VERTEX PHARMACEUTICALS INCORPORATED,C,DC,2016|2018|2020|2022|2024|2026,VERTEX PHARMACEUTICALS INC / MA,current,affiliated_exact
VST,C00226548,VISTRA EMPLOYEE POLITICAL ACTION COMMITTEE OF VISTRA CORP.,VISTRA CORP.,C,TX,2016|2018|2020|2022|2024|2026,Vistra Corp.,current,affiliated_exact
VST,C00255950,POWER POLITICAL ACTION COMMITTEE OF VISTRA ENERGY,ENERGY LEADERS POLITICAL ACTION COMMITTEE OF VISTRA ENERGY,C,TX,2016|2018,Vistra Corp.,current,name_contains_pac
VST,C00478685,ENERGY LEADERS FEDERAL POLITICAL ACTION COMMITTEE OF VISTRA ENERGY,POWER POLITICAL ACTION COMMITTEE OF VISTRA ENERGY,C,TX,2016|2018,Vistra Corp.,current,name_contains_pac
VTRS,C00332395,VIATRIS INC. POLITICAL ACTION COMMITTEE (VIAPAC),VIATRIS INC.,C,DC,2016|2018|2020|2022|2024|2026,Viatris Inc,current,affiliated_exact
VZ,C00186288,"VERIZON COMMUNICATIONS, INC. POLITICAL ACTION COMMITTEE (VERIZON PAC)",VERIZON COMMUNICATIONS INC.,C,DC,2016|2018|2020|2022|2024|2026,VERIZON COMMUNICATIONS INC,current,affiliated_exact
WEC,C00099945,WEC ENERGY GROUP POLITICAL ACTION COMMITTEE,"WEC ENERGY GROUP, INC.",C,WI,2016|2018|2020|2022|2024|2026,"WEC ENERGY GROUP, INC.",current,affiliated_exact
WEC,C00442707,"WEC ENERGY GROUP, INC. INTEGRYS PAC","WEC ENERGY GROUP, INC.",C,IL,2016,"WEC ENERGY GROUP, INC.",current,affiliated_exact
WFC,C00012518,WELLS FARGO AND COMPANY EMPLOYEES GOOD GOVERNMENT FEDERAL FUND I,WELLS FARGO AND COMPANY,C,MN,2016,WELLS FARGO & COMPANY/MN,current,affiliated_exact
WFC,C00034595,WELLS FARGO AND COMPANY EMPLOYEE PAC (AKA WELLS FARGO EMPLOYEE PAC),WELLS FARGO AND COMPANY,C,MN,2016|2018|2020|2022|2024|2026,WELLS FARGO & COMPANY/MN,current,affiliated_exact
WFC,C00300178,WELLS FARGO AND COMPANY EMPLOYEES GOOD GOVERNMENT FEDERAL FUND II,WELLS FARGO AND COMPANY,C,MN,2016|2018|2020|2022|2024|2026,WELLS FARGO & COMPANY/MN,current,affiliated_exact
WFC,C00429852,WELLS FARGO AND COMPANY NORTH CAROLINA EMPLOYEES GOOD GOVERNMENT FUND,WELLS FARGO AND COMPANY EMPLOYEE PAC (AKA WELLS FARGO EMPLOYEE PAC),C,NC,2016|2018|2020|2022|2024,WELLS FARGO & COMPANY/MN,current,affiliated_prefix
WM,C00119008,WASTE MANAGEMENT EMPLOYEES BETTER GOVERNMENT FUND,WASTE MANAGEMENT,C,DC,2016|2018|2020|2022|2024|2026,WASTE MANAGEMENT INC,current,affiliated_exact
WMB,C00040394,"THE WILLIAMS COMPANIES, INC. POLITICAL ACTION COMMITTEE","THE WILLIAMS COMPANIES, INC.",C,OK,2016|2018|2020|2022|2024|2026,"WILLIAMS COMPANIES, INC.",current,affiliated_exact
WMB,C00933200,"THE WILLIAMS COMPANIES, INC. CLEAN ENERGY POLITICAL ACTION COMMITTEE (WILLCO CE PAC)","THE WILLIAMS COMPANIES, INC. POLITICAL ACTION COMMITTEE",C,OK,2026,"WILLIAMS COMPANIES, INC.",current,affiliated_prefix_1tok
WMT,C00093054,WALMART INC. PAC FOR RESPONSIBLE GOVERNMENT,WALMART INC.,C,AR,2016|2018|2020|2022|2024|2026,Walmart Inc.,current,affiliated_exact
WY,C00007948,WEYERHAEUSER COMPANY POLITICAL ACTION COMMITTEE,WEYERHAEUSER COMPANY,C,WA,2016|2018|2020|2022|2024|2026,WEYERHAEUSER CO,current,affiliated_exact
WY,C00255224,WEYERHAEUSER COMPANY: PLUM CREEK TRANSITION PAC,WEYERHAEUSER COMPANY,C,WA,2016,WEYERHAEUSER CO,current,affiliated_exact
WYNN,C00475475,WYNN RESORTS LIMITED INITIATIVE FOR PUBLIC POLICY,"WYNN RESORTS, LIMITED",C,NV,2016|2018|2020|2022|2024|2026,WYNN RESORTS LTD,current,affiliated_exact
XEL,C00107771,XCEL ENERGY EMPLOYEE POLITICAL ACTION COMMITTEE (XPAC),XCEL ENERGY,C,DC,2016|2018|2020|2022|2024|2026,XCEL ENERGY INC,current,affiliated_exact
XOM,C00121368,EXXON MOBIL CORPORATION POLITICAL ACTION COMMITTEE (EXXONMOBIL PAC),EXXON MOBIL CORPORATION,C,DC,2016|2018|2020|2022|2024|2026,ExxonMobil Holdings Corp,current,affiliated_exact
YUM,C00329474,YUM BRANDS INC. GOOD GOVERNMENT FUND,"YUM BRANDS, INC",C,KY,2016|2018|2020|2022|2024|2026,YUM BRANDS INC,current,affiliated_exact
ZBH,C00399386,"ZIMMER BIOMET HOLDINGS, INC. POLITICAL ACTION COMMITTEE (A.K.A. 'ZIMMER BIOMET PAC')","ZIMMER BIOMET HOLDINGS, INC.",C,DC,2016|2018|2020|2022|2024|2026,"ZIMMER BIOMET HOLDINGS, INC.",current,affiliated_exact
ZTS,C00541177,ZOETIS INC. PAC AKA ZOETIS PAC,ZOETIS INC.,C,DC,2016|2018|2020|2022|2024|2026,Zoetis Inc.,current,affiliated_exact
