file,url,retrieved_utc,bytes
companyfacts_0000320193.json,https://data.sec.gov/api/xbrl/companyfacts/CIK0000320193.json,2026-09-12T20:03:35Z,3789099
companyfacts_0001090872.json,https://data.sec.gov/api/xbrl/companyfacts/CIK0001090872.json,2026-09-12T20:11:20Z,5118475
companyfacts_0001551152.json,https://data.sec.gov/api/xbrl/companyfacts/CIK0001551152.json,2026-09-12T20:11:21Z,3109380
companyfacts_0001559720.json,https://data.sec.gov/api/xbrl/companyfacts/CIK0001559720.json,2026-09-12T20:11:23Z,1268110
companyfacts_0000001800.json,https://data.sec.gov/api/xbrl/companyfacts/CIK0000001800.json,2026-09-12T20:11:24Z,3386107
companyfacts_0000947484.json,https://data.sec.gov/api/xbrl/companyfacts/CIK0000947484.json,2026-09-12T20:11:25Z,5066221
companyfacts_0001467373.json,https://data.sec.gov/api/xbrl/companyfacts/CIK0001467373.json,2026-09-12T20:11:27Z,4384918
companyfacts_0000796343.json,https://data.sec.gov/api/xbrl/companyfacts/CIK0000796343.json,2026-09-12T20:11:28Z,4286575
companyfacts_0000006281.json,https://data.sec.gov/api/xbrl/companyfacts/CIK0000006281.json,2026-09-12T20:11:30Z,4434650
companyfacts_0000007084.json,https://data.sec.gov/api/xbrl/companyfacts/CIK0000007084.json,2026-09-12T20:11:31Z,4631900
companyfacts_0000008670.json,https://data.sec.gov/api/xbrl/companyfacts/CIK0000008670.json,2026-09-12T20:11:33Z,4892915
companyfacts_0000769397.json,https://data.sec.gov/api/xbrl/companyfacts/CIK0000769397.json,2026-09-12T20:11:34Z,4196572
companyfacts_0001002910.json,https://data.sec.gov/api/xbrl/companyfacts/CIK0001002910.json,2026-09-12T20:11:36Z,4153441
companyfacts_0000004904.json,https://data.sec.gov/api/xbrl/companyfacts/CIK0000004904.json,2026-09-12T20:11:37Z,5279111
companyfacts_0000874761.json,https://data.sec.gov/api/xbrl/companyfacts/CIK0000874761.json,2026-09-12T20:11:38Z,6184354
companyfacts_0000004977.json,https://data.sec.gov/api/xbrl/companyfacts/CIK0000004977.json,2026-09-12T20:11:41Z,5286453
companyfacts_0000005272.json,https://data.sec.gov/api/xbrl/companyfacts/CIK0000005272.json,2026-09-12T20:11:43Z,6910671
companyfacts_0001267238.json,https://data.sec.gov/api/xbrl/companyfacts/CIK0001267238.json,2026-09-12T20:11:45Z,4952081
companyfacts_0000354190.json,https://data.sec.gov/api/xbrl/companyfacts/CIK0000354190.json,2026-09-12T20:11:46Z,3978134
companyfacts_0001086222.json,https://data.sec.gov/api/xbrl/companyfacts/CIK0001086222.json,2026-09-12T20:11:47Z,3881335
companyfacts_0000915913.json,https://data.sec.gov/api/xbrl/companyfacts/CIK0000915913.json,2026-09-12T20:11:49Z,4652928
companyfacts_0001097149.json,https://data.sec.gov/api/xbrl/companyfacts/CIK0001097149.json,2026-09-12T20:11:50Z,3304311
companyfacts_0000899051.json,https://data.sec.gov/api/xbrl/companyfacts/CIK0000899051.json,2026-09-12T20:11:51Z,5815440
companyfacts_0001579241.json,https://data.sec.gov/api/xbrl/companyfacts/CIK0001579241.json,2026-09-12T20:11:52Z,2913178
companyfacts_0000006951.json,https://data.sec.gov/api/xbrl/companyfacts/CIK0000006951.json,2026-09-12T20:11:54Z,4552943
companyfacts_0001748790.json,https://data.sec.gov/api/xbrl/companyfacts/CIK0001748790.json,2026-09-12T20:11:55Z,2264165
companyfacts_0000002488.json,https://data.sec.gov/api/xbrl/companyfacts/CIK0000002488.json,2026-09-12T20:11:56Z,3672449
companyfacts_0001037868.json,https://data.sec.gov/api/xbrl/companyfacts/CIK0001037868.json,2026-09-12T20:11:57Z,3625250
companyfacts_0000318154.json,https://data.sec.gov/api/xbrl/companyfacts/CIK0000318154.json,2026-09-12T20:11:58Z,3691898
companyfacts_0000820027.json,https://data.sec.gov/api/xbrl/companyfacts/CIK0000820027.json,2026-09-12T20:12:00Z,5259737
companyfacts_0001053507.json,https://data.sec.gov/api/xbrl/companyfacts/CIK0001053507.json,2026-09-12T20:12:02Z,4915433
companyfacts_0001018724.json,https://data.sec.gov/api/xbrl/companyfacts/CIK0001018724.json,2026-09-12T20:12:03Z,4478611
companyfacts_0001596532.json,https://data.sec.gov/api/xbrl/companyfacts/CIK0001596532.json,2026-09-12T20:12:05Z,3011811
companyfacts_0000315293.json,https://data.sec.gov/api/xbrl/companyfacts/CIK0000315293.json,2026-09-12T20:12:06Z,4736396
companyfacts_0000091142.json,https://data.sec.gov/api/xbrl/companyfacts/CIK0000091142.json,2026-09-12T20:12:07Z,3084281
companyfacts_0001841666.json,https://data.sec.gov/api/xbrl/companyfacts/CIK0001841666.json,2026-09-12T20:12:07Z,1430520
companyfacts_0000002969.json,https://data.sec.gov/api/xbrl/companyfacts/CIK0000002969.json,2026-09-12T20:12:08Z,5215395
companyfacts_0000820313.json,https://data.sec.gov/api/xbrl/companyfacts/CIK0000820313.json,2026-09-12T20:12:09Z,3526486
companyfacts_0001858681.json,https://data.sec.gov/api/xbrl/companyfacts/CIK0001858681.json,2026-09-12T20:12:10Z,1415492
companyfacts_0001751008.json,https://data.sec.gov/api/xbrl/companyfacts/CIK0001751008.json,2026-09-12T20:12:11Z,1183787
companyfacts_0001521332.json,https://data.sec.gov/api/xbrl/companyfacts/CIK0001521332.json,2026-09-12T20:12:12Z,4628363
companyfacts_0001035443.json,https://data.sec.gov/api/xbrl/companyfacts/CIK0001035443.json,2026-09-12T20:12:14Z,3949841
companyfacts_0001176948.json,https://data.sec.gov/api/xbrl/companyfacts/CIK0001176948.json,2026-09-12T20:12:15Z,1455574
companyfacts_0000731802.json,https://data.sec.gov/api/xbrl/companyfacts/CIK0000731802.json,2026-09-12T20:12:16Z,3515042
companyfacts_0001730168.json,https://data.sec.gov/api/xbrl/companyfacts/CIK0001730168.json,2026-09-12T20:12:18Z,2351559
companyfacts_0000008818.json,https://data.sec.gov/api/xbrl/companyfacts/CIK0000008818.json,2026-09-12T20:12:19Z,3315703
companyfacts_0001410636.json,https://data.sec.gov/api/xbrl/companyfacts/CIK0001410636.json,2026-09-12T20:12:21Z,3883448
companyfacts_0001069183.json,https://data.sec.gov/api/xbrl/companyfacts/CIK0001069183.json,2026-09-12T20:12:23Z,3386488
companyfacts_0000004962.json,https://data.sec.gov/api/xbrl/companyfacts/CIK0000004962.json,2026-09-12T20:12:24Z,4775600
companyfacts_0000866787.json,https://data.sec.gov/api/xbrl/companyfacts/CIK0000866787.json,2026-09-12T20:12:26Z,3394306
companyfacts_0000012927.json,https://data.sec.gov/api/xbrl/companyfacts/CIK0000012927.json,2026-09-12T20:12:27Z,5180611
companyfacts_0000070858.json,https://data.sec.gov/api/xbrl/companyfacts/CIK0000070858.json,2026-09-12T20:12:29Z,6859332
companyfacts_0000009389.json,https://data.sec.gov/api/xbrl/companyfacts/CIK0000009389.json,2026-09-12T20:12:30Z,3930147
companyfacts_0000010456.json,https://data.sec.gov/api/xbrl/companyfacts/CIK0000010456.json,2026-09-12T20:12:32Z,4713125
companyfacts_0000764478.json,https://data.sec.gov/api/xbrl/companyfacts/CIK0000764478.json,2026-09-12T20:12:33Z,4052819
companyfacts_0000010795.json,https://data.sec.gov/api/xbrl/companyfacts/CIK0000010795.json,2026-09-12T20:12:34Z,3478858
companyfacts_0000038777.json,https://data.sec.gov/api/xbrl/companyfacts/CIK0000038777.json,2026-09-12T20:12:36Z,4377457
companyfacts_0000014693.json,https://data.sec.gov/api/xbrl/companyfacts/CIK0000014693.json,2026-09-12T20:12:38Z,3120150
companyfacts_0001996862.json,https://data.sec.gov/api/xbrl/companyfacts/CIK0001996862.json,2026-09-12T20:12:39Z,817535
companyfacts_0000875045.json,https://data.sec.gov/api/xbrl/companyfacts/CIK0000875045.json,2026-09-12T20:12:40Z,4606215
companyfacts_0001075531.json,https://data.sec.gov/api/xbrl/companyfacts/CIK0001075531.json,2026-09-12T20:12:42Z,3354279
companyfacts_0001701605.json,https://data.sec.gov/api/xbrl/companyfacts/CIK0001701605.json,2026-09-12T20:12:43Z,2186492
companyfacts_0001316835.json,https://data.sec.gov/api/xbrl/companyfacts/CIK0001316835.json,2026-09-12T20:12:44Z,2833447
companyfacts_0002012383.json,https://data.sec.gov/api/xbrl/companyfacts/CIK0002012383.json,2026-09-12T20:12:46Z,591729
companyfacts_0000014272.json,https://data.sec.gov/api/xbrl/companyfacts/CIK0000014272.json,2026-09-12T20:12:47Z,5690382
companyfacts_0001390777.json,https://data.sec.gov/api/xbrl/companyfacts/CIK0001390777.json,2026-09-12T20:12:49Z,7827785
companyfacts_0001383312.json,https://data.sec.gov/api/xbrl/companyfacts/CIK0001383312.json,2026-09-12T20:12:50Z,3663198
companyfacts_0001067983.json,https://data.sec.gov/api/xbrl/companyfacts/CIK0001067983.json,2026-09-12T20:12:51Z,2797863
companyfacts_0000079282.json,https://data.sec.gov/api/xbrl/companyfacts/CIK0000079282.json,2026-09-12T20:12:53Z,3872320
companyfacts_0000885725.json,https://data.sec.gov/api/xbrl/companyfacts/CIK0000885725.json,2026-09-12T20:12:55Z,4784388
companyfacts_0001393818.json,https://data.sec.gov/api/xbrl/companyfacts/CIK0001393818.json,2026-09-12T20:12:56Z,3505641
companyfacts_0001037540.json,https://data.sec.gov/api/xbrl/companyfacts/CIK0001037540.json,2026-09-12T20:12:58Z,4395080
companyfacts_0000831001.json,https://data.sec.gov/api/xbrl/companyfacts/CIK0000831001.json,2026-09-12T20:13:00Z,8737498
companyfacts_0000721371.json,https://data.sec.gov/api/xbrl/companyfacts/CIK0000721371.json,2026-09-12T20:13:02Z,3684828
companyfacts_0001783180.json,https://data.sec.gov/api/xbrl/companyfacts/CIK0001783180.json,2026-09-12T20:13:04Z,1872029
companyfacts_0000726958.json,https://data.sec.gov/api/xbrl/companyfacts/CIK0000726958.json,2026-09-12T20:13:06Z,2489660
companyfacts_0000018230.json,https://data.sec.gov/api/xbrl/companyfacts/CIK0000018230.json,2026-09-12T20:13:07Z,5868239
companyfacts_0000896159.json,https://data.sec.gov/api/xbrl/companyfacts/CIK0000896159.json,2026-09-12T20:13:09Z,5328163
companyfacts_0001374310.json,https://data.sec.gov/api/xbrl/companyfacts/CIK0001374310.json,2026-09-12T20:13:10Z,3850614
companyfacts_0001138118.json,https://data.sec.gov/api/xbrl/companyfacts/CIK0001138118.json,2026-09-12T20:13:12Z,4279716
companyfacts_0001051470.json,https://data.sec.gov/api/xbrl/companyfacts/CIK0001051470.json,2026-09-12T20:13:13Z,3822923
companyfacts_0000815097.json,https://data.sec.gov/api/xbrl/companyfacts/CIK0000815097.json,2026-09-12T20:13:14Z,2729358
companyfacts_0000813672.json,https://data.sec.gov/api/xbrl/companyfacts/CIK0000813672.json,2026-09-12T20:13:16Z,3598635
companyfacts_0001402057.json,https://data.sec.gov/api/xbrl/companyfacts/CIK0001402057.json,2026-09-12T20:13:17Z,3031026
companyfacts_0001868275.json,https://data.sec.gov/api/xbrl/companyfacts/CIK0001868275.json,2026-09-12T20:13:18Z,1466762
companyfacts_0001324404.json,https://data.sec.gov/api/xbrl/companyfacts/CIK0001324404.json,2026-09-12T20:13:19Z,4101859
companyfacts_0000759944.json,https://data.sec.gov/api/xbrl/companyfacts/CIK0000759944.json,2026-09-12T20:13:21Z,4907248
companyfacts_0000313927.json,https://data.sec.gov/api/xbrl/companyfacts/CIK0000313927.json,2026-09-12T20:13:22Z,3845215
companyfacts_0001043277.json,https://data.sec.gov/api/xbrl/companyfacts/CIK0001043277.json,2026-09-12T20:13:24Z,3251409
companyfacts_0001091667.json,https://data.sec.gov/api/xbrl/companyfacts/CIK0001091667.json,2026-09-12T20:13:26Z,3211294
companyfacts_0001739940.json,https://data.sec.gov/api/xbrl/companyfacts/CIK0001739940.json,2026-09-12T20:13:27Z,1936595
companyfacts_0000936395.json,https://data.sec.gov/api/xbrl/companyfacts/CIK0000936395.json,2026-09-12T20:13:28Z,3774615
companyfacts_0000020286.json,https://data.sec.gov/api/xbrl/companyfacts/CIK0000020286.json,2026-09-12T20:13:30Z,4245190
companyfacts_0000021665.json,https://data.sec.gov/api/xbrl/companyfacts/CIK0000021665.json,2026-09-12T20:13:31Z,3582380
companyfacts_0000021076.json,https://data.sec.gov/api/xbrl/companyfacts/CIK0000021076.json,2026-09-12T20:13:32Z,3712366
companyfacts_0001166691.json,https://data.sec.gov/api/xbrl/companyfacts/CIK0001166691.json,2026-09-12T20:13:33Z,3756222
companyfacts_0001156375.json,https://data.sec.gov/api/xbrl/companyfacts/CIK0001156375.json,2026-09-12T20:13:35Z,4181433
companyfacts_0001058090.json,https://data.sec.gov/api/xbrl/companyfacts/CIK0001058090.json,2026-09-12T20:13:36Z,3012708
companyfacts_0000026172.json,https://data.sec.gov/api/xbrl/companyfacts/CIK0000026172.json,2026-09-12T20:13:37Z,4883285
companyfacts_0000811156.json,https://data.sec.gov/api/xbrl/companyfacts/CIK0000811156.json,2026-09-12T20:13:39Z,3900928
companyfacts_0001071739.json,https://data.sec.gov/api/xbrl/companyfacts/CIK0001071739.json,2026-09-12T20:13:40Z,3887314
companyfacts_0001130310.json,https://data.sec.gov/api/xbrl/companyfacts/CIK0001130310.json,2026-09-12T20:13:42Z,4247126
companyfacts_0000927628.json,https://data.sec.gov/api/xbrl/companyfacts/CIK0000927628.json,2026-09-12T20:13:43Z,6637060
companyfacts_0000820318.json,https://data.sec.gov/api/xbrl/companyfacts/CIK0000820318.json,2026-09-12T20:13:45Z,4119925
companyfacts_0001679788.json,https://data.sec.gov/api/xbrl/companyfacts/CIK0001679788.json,2026-09-12T20:13:46Z,1414117
companyfacts_0000711404.json,https://data.sec.gov/api/xbrl/companyfacts/CIK0000711404.json,2026-09-12T20:13:47Z,3817101
companyfacts_0001163165.json,https://data.sec.gov/api/xbrl/companyfacts/CIK0001163165.json,2026-09-12T20:13:49Z,4981846
companyfacts_0001140859.json,https://data.sec.gov/api/xbrl/companyfacts/CIK0001140859.json,2026-09-12T20:13:51Z,3903114
companyfacts_0000909832.json,https://data.sec.gov/api/xbrl/companyfacts/CIK0000909832.json,2026-09-12T20:13:52Z,3617189
companyfacts_0001175454.json,https://data.sec.gov/api/xbrl/companyfacts/CIK0001175454.json,2026-09-12T20:13:54Z,3768777
companyfacts_0000900075.json,https://data.sec.gov/api/xbrl/companyfacts/CIK0000900075.json,2026-09-12T20:13:55Z,3416768
companyfacts_0000906345.json,https://data.sec.gov/api/xbrl/companyfacts/CIK0000906345.json,2026-09-12T20:13:57Z,3770290
companyfacts_0000849395.json,https://data.sec.gov/api/xbrl/companyfacts/CIK0000849395.json,2026-09-12T20:13:58Z,1514914
companyfacts_0001100682.json,https://data.sec.gov/api/xbrl/companyfacts/CIK0001100682.json,2026-09-12T20:13:59Z,4702065
companyfacts_0001108524.json,https://data.sec.gov/api/xbrl/companyfacts/CIK0001108524.json,2026-09-12T20:14:01Z,4729214
companyfacts_0001535527.json,https://data.sec.gov/api/xbrl/companyfacts/CIK0001535527.json,2026-09-12T20:14:02Z,1965294
companyfacts_0000858877.json,https://data.sec.gov/api/xbrl/companyfacts/CIK0000858877.json,2026-09-12T20:14:03Z,6172548
companyfacts_0001057352.json,https://data.sec.gov/api/xbrl/companyfacts/CIK0001057352.json,2026-09-12T20:14:06Z,3409046
companyfacts_0000277948.json,https://data.sec.gov/api/xbrl/companyfacts/CIK0000277948.json,2026-09-12T20:14:07Z,2967098
companyfacts_0000723254.json,https://data.sec.gov/api/xbrl/companyfacts/CIK0000723254.json,2026-09-12T20:14:09Z,3450618
companyfacts_0001058290.json,https://data.sec.gov/api/xbrl/companyfacts/CIK0001058290.json,2026-09-12T20:14:10Z,3708102
companyfacts_0001755672.json,https://data.sec.gov/api/xbrl/companyfacts/CIK0001755672.json,2026-09-12T20:14:12Z,2167024
companyfacts_0001690820.json,https://data.sec.gov/api/xbrl/companyfacts/CIK0001690820.json,2026-09-12T20:14:13Z,1811923
companyfacts_0000064803.json,https://data.sec.gov/api/xbrl/companyfacts/CIK0000064803.json,2026-09-12T20:14:14Z,4462140
companyfacts_0000093410.json,https://data.sec.gov/api/xbrl/companyfacts/CIK0000093410.json,2026-09-12T20:14:16Z,4810683
companyfacts_0000715957.json,https://data.sec.gov/api/xbrl/companyfacts/CIK0000715957.json,2026-09-12T20:14:17Z,5611229
companyfacts_0000027904.json,https://data.sec.gov/api/xbrl/companyfacts/CIK0000027904.json,2026-09-12T20:14:19Z,3369064
companyfacts_0001792789.json,https://data.sec.gov/api/xbrl/companyfacts/CIK0001792789.json,2026-09-12T20:14:20Z,1394773
companyfacts_0001666700.json,https://data.sec.gov/api/xbrl/companyfacts/CIK0001666700.json,2026-09-12T20:14:21Z,3203317
companyfacts_0001561550.json,https://data.sec.gov/api/xbrl/companyfacts/CIK0001561550.json,2026-09-12T20:14:23Z,1576540
companyfacts_0000315189.json,https://data.sec.gov/api/xbrl/companyfacts/CIK0000315189.json,2026-09-12T20:14:25Z,5244762
companyfacts_0000910521.json,https://data.sec.gov/api/xbrl/companyfacts/CIK0000910521.json,2026-09-12T20:14:26Z,3007990
companyfacts_0001571996.json,https://data.sec.gov/api/xbrl/companyfacts/CIK0001571996.json,2026-09-12T20:14:28Z,3564875
companyfacts_0000029534.json,https://data.sec.gov/api/xbrl/companyfacts/CIK0000029534.json,2026-09-12T20:14:29Z,2509741
companyfacts_0001022079.json,https://data.sec.gov/api/xbrl/companyfacts/CIK0001022079.json,2026-09-12T20:14:30Z,4149346
companyfacts_0000882184.json,https://data.sec.gov/api/xbrl/companyfacts/CIK0000882184.json,2026-09-12T20:14:32Z,3064917
companyfacts_0000313616.json,https://data.sec.gov/api/xbrl/companyfacts/CIK0000313616.json,2026-09-12T20:14:33Z,4573814
companyfacts_0001744489.json,https://data.sec.gov/api/xbrl/companyfacts/CIK0001744489.json,2026-09-12T20:14:35Z,2519871
companyfacts_0001297996.json,https://data.sec.gov/api/xbrl/companyfacts/CIK0001297996.json,2026-09-12T20:14:36Z,3707577
companyfacts_0000935703.json,https://data.sec.gov/api/xbrl/companyfacts/CIK0000935703.json,2026-09-12T20:14:37Z,2970211
companyfacts_0000765880.json,https://data.sec.gov/api/xbrl/companyfacts/CIK0000765880.json,2026-09-12T20:14:39Z,4793526
companyfacts_0000029905.json,https://data.sec.gov/api/xbrl/companyfacts/CIK0000029905.json,2026-09-12T20:14:40Z,4932713
companyfacts_0001751788.json,https://data.sec.gov/api/xbrl/companyfacts/CIK0001751788.json,2026-09-12T20:14:42Z,2601897
companyfacts_0001286681.json,https://data.sec.gov/api/xbrl/companyfacts/CIK0001286681.json,2026-09-12T20:14:44Z,2916228
companyfacts_0000940944.json,https://data.sec.gov/api/xbrl/companyfacts/CIK0000940944.json,2026-09-12T20:14:46Z,4175015
companyfacts_0000936340.json,https://data.sec.gov/api/xbrl/companyfacts/CIK0000936340.json,2026-09-12T20:14:47Z,5013393
companyfacts_0001326160.json,https://data.sec.gov/api/xbrl/companyfacts/CIK0001326160.json,2026-09-12T20:14:49Z,5349280
companyfacts_0000927066.json,https://data.sec.gov/api/xbrl/companyfacts/CIK0000927066.json,2026-09-12T20:14:50Z,4484160
companyfacts_0001090012.json,https://data.sec.gov/api/xbrl/companyfacts/CIK0001090012.json,2026-09-12T20:14:52Z,5068693
companyfacts_0001093557.json,https://data.sec.gov/api/xbrl/companyfacts/CIK0001093557.json,2026-09-12T20:14:53Z,3044975
companyfacts_0001065088.json,https://data.sec.gov/api/xbrl/companyfacts/CIK0001065088.json,2026-09-12T20:14:54Z,4107528
companyfacts_0001415404.json,https://data.sec.gov/api/xbrl/companyfacts/CIK0001415404.json,2026-09-12T20:14:55Z,4218339
companyfacts_0000031462.json,https://data.sec.gov/api/xbrl/companyfacts/CIK0000031462.json,2026-09-12T20:14:57Z,4430632
companyfacts_0001047862.json,https://data.sec.gov/api/xbrl/companyfacts/CIK0001047862.json,2026-09-12T20:14:58Z,4133552
companyfacts_0000033185.json,https://data.sec.gov/api/xbrl/companyfacts/CIK0000033185.json,2026-09-12T20:15:00Z,3636051
companyfacts_0001095073.json,https://data.sec.gov/api/xbrl/companyfacts/CIK0001095073.json,2026-09-12T20:15:01Z,4665003
companyfacts_0000827052.json,https://data.sec.gov/api/xbrl/companyfacts/CIK0000827052.json,2026-09-12T20:15:02Z,4000028
companyfacts_0001001250.json,https://data.sec.gov/api/xbrl/companyfacts/CIK0001001250.json,2026-09-12T20:15:04Z,3862713
companyfacts_0001156039.json,https://data.sec.gov/api/xbrl/companyfacts/CIK0001156039.json,2026-09-12T20:15:06Z,5999303
companyfacts_0000105634.json,https://data.sec.gov/api/xbrl/companyfacts/CIK0000105634.json,2026-09-12T20:15:08Z,3617203
companyfacts_0000032604.json,https://data.sec.gov/api/xbrl/companyfacts/CIK0000032604.json,2026-09-12T20:15:09Z,3674500
companyfacts_0000821189.json,https://data.sec.gov/api/xbrl/companyfacts/CIK0000821189.json,2026-09-12T20:15:10Z,3514634
companyfacts_0001101239.json,https://data.sec.gov/api/xbrl/companyfacts/CIK0001101239.json,2026-09-12T20:15:12Z,4860019
companyfacts_0000033213.json,https://data.sec.gov/api/xbrl/companyfacts/CIK0000033213.json,2026-09-12T20:15:13Z,4013294
companyfacts_0000922621.json,https://data.sec.gov/api/xbrl/companyfacts/CIK0000922621.json,2026-09-12T20:15:15Z,2700382
companyfacts_0000072741.json,https://data.sec.gov/api/xbrl/companyfacts/CIK0000072741.json,2026-09-12T20:15:16Z,3792139
companyfacts_0000920522.json,https://data.sec.gov/api/xbrl/companyfacts/CIK0000920522.json,2026-09-12T20:15:18Z,3628203
companyfacts_0001551182.json,https://data.sec.gov/api/xbrl/companyfacts/CIK0001551182.json,2026-09-12T20:15:19Z,2931687
companyfacts_0000065984.json,https://data.sec.gov/api/xbrl/companyfacts/CIK0000065984.json,2026-09-12T20:15:20Z,4823074
companyfacts_0001711269.json,https://data.sec.gov/api/xbrl/companyfacts/CIK0001711269.json,2026-09-12T20:15:21Z,2092477
companyfacts_0001099800.json,https://data.sec.gov/api/xbrl/companyfacts/CIK0001099800.json,2026-09-12T20:15:23Z,4072206
companyfacts_0001109357.json,https://data.sec.gov/api/xbrl/companyfacts/CIK0001109357.json,2026-09-12T20:15:25Z,5355142
companyfacts_0000895126.json,https://data.sec.gov/api/xbrl/companyfacts/CIK0000895126.json,2026-09-12T20:15:26Z,4797340
companyfacts_0000746515.json,https://data.sec.gov/api/xbrl/companyfacts/CIK0000746515.json,2026-09-12T20:15:28Z,3170162
companyfacts_0001324424.json,https://data.sec.gov/api/xbrl/companyfacts/CIK0001324424.json,2026-09-12T20:15:29Z,3468129
companyfacts_0001289490.json,https://data.sec.gov/api/xbrl/companyfacts/CIK0001289490.json,2026-09-12T20:15:30Z,3423532
companyfacts_0000037996.json,https://data.sec.gov/api/xbrl/companyfacts/CIK0000037996.json,2026-09-12T20:15:32Z,3672318
companyfacts_0001539838.json,https://data.sec.gov/api/xbrl/companyfacts/CIK0001539838.json,2026-09-12T20:15:33Z,3588068
companyfacts_0000815556.json,https://data.sec.gov/api/xbrl/companyfacts/CIK0000815556.json,2026-09-12T20:15:34Z,2685368
companyfacts_0000831259.json,https://data.sec.gov/api/xbrl/companyfacts/CIK0000831259.json,2026-09-12T20:15:35Z,4453464
companyfacts_0001013237.json,https://data.sec.gov/api/xbrl/companyfacts/CIK0001013237.json,2026-09-12T20:15:36Z,3836507
companyfacts_0001048911.json,https://data.sec.gov/api/xbrl/companyfacts/CIK0001048911.json,2026-09-12T20:15:38Z,3514381
companyfacts_0002082247.json,https://data.sec.gov/api/xbrl/companyfacts/CIK0002082247.json,2026-09-12T20:15:39Z,122248
companyfacts_0001031296.json,https://data.sec.gov/api/xbrl/companyfacts/CIK0001031296.json,2026-09-12T20:15:40Z,4500092
companyfacts_0002011641.json,https://data.sec.gov/api/xbrl/companyfacts/CIK0002011641.json,2026-09-12T20:15:42Z,621949
companyfacts_0001048695.json,https://data.sec.gov/api/xbrl/companyfacts/CIK0001048695.json,2026-09-12T20:15:43Z,3541838
companyfacts_0000814547.json,https://data.sec.gov/api/xbrl/companyfacts/CIK0000814547.json,2026-09-12T20:15:44Z,3377242
companyfacts_0001136893.json,https://data.sec.gov/api/xbrl/companyfacts/CIK0001136893.json,2026-09-12T20:15:46Z,4428829
companyfacts_0000798354.json,https://data.sec.gov/api/xbrl/companyfacts/CIK0000798354.json,2026-09-12T20:15:48Z,3870514
companyfacts_0000035527.json,https://data.sec.gov/api/xbrl/companyfacts/CIK0000035527.json,2026-09-12T20:15:49Z,7321381
companyfacts_0001035983.json,https://data.sec.gov/api/xbrl/companyfacts/CIK0001035983.json,2026-09-12T20:15:50Z,3165569
companyfacts_0000866374.json,https://data.sec.gov/api/xbrl/companyfacts/CIK0000866374.json,2026-09-12T20:15:52Z,3352507
companyfacts_0001754301.json,https://data.sec.gov/api/xbrl/companyfacts/CIK0001754301.json,2026-09-12T20:15:53Z,1492848
companyfacts_0000034903.json,https://data.sec.gov/api/xbrl/companyfacts/CIK0000034903.json,2026-09-12T20:15:55Z,3167945
companyfacts_0001274494.json,https://data.sec.gov/api/xbrl/companyfacts/CIK0001274494.json,2026-09-12T20:15:56Z,4716981
companyfacts_0001262039.json,https://data.sec.gov/api/xbrl/companyfacts/CIK0001262039.json,2026-09-12T20:15:58Z,3463614
companyfacts_0001659166.json,https://data.sec.gov/api/xbrl/companyfacts/CIK0001659166.json,2026-09-12T20:15:59Z,2475947
companyfacts_0000040533.json,https://data.sec.gov/api/xbrl/companyfacts/CIK0000040533.json,2026-09-12T20:16:01Z,3597489
companyfacts_0001609711.json,https://data.sec.gov/api/xbrl/companyfacts/CIK0001609711.json,2026-09-12T20:16:02Z,2340290
companyfacts_0000040545.json,https://data.sec.gov/api/xbrl/companyfacts/CIK0000040545.json,2026-09-12T20:16:03Z,6101059
companyfacts_0001932393.json,https://data.sec.gov/api/xbrl/companyfacts/CIK0001932393.json,2026-09-12T20:16:06Z,1141702
companyfacts_0000849399.json,https://data.sec.gov/api/xbrl/companyfacts/CIK0000849399.json,2026-09-12T20:16:07Z,4178537
companyfacts_0001996810.json,https://data.sec.gov/api/xbrl/companyfacts/CIK0001996810.json,2026-09-12T20:16:08Z,722319
companyfacts_0000882095.json,https://data.sec.gov/api/xbrl/companyfacts/CIK0000882095.json,2026-09-12T20:16:09Z,4660662
companyfacts_0000040704.json,https://data.sec.gov/api/xbrl/companyfacts/CIK0000040704.json,2026-09-12T20:16:11Z,4463389
companyfacts_0000320335.json,https://data.sec.gov/api/xbrl/companyfacts/CIK0000320335.json,2026-09-12T20:16:12Z,4818556
companyfacts_0000024741.json,https://data.sec.gov/api/xbrl/companyfacts/CIK0000024741.json,2026-09-12T20:16:14Z,4204227
companyfacts_0001467858.json,https://data.sec.gov/api/xbrl/companyfacts/CIK0001467858.json,2026-09-12T20:16:15Z,3606453
companyfacts_0001474735.json,https://data.sec.gov/api/xbrl/companyfacts/CIK0001474735.json,2026-09-12T20:16:16Z,3502700
companyfacts_0001652044.json,https://data.sec.gov/api/xbrl/companyfacts/CIK0001652044.json,2026-09-12T20:16:17Z,3164517
companyfacts_0000040987.json,https://data.sec.gov/api/xbrl/companyfacts/CIK0000040987.json,2026-09-12T20:16:19Z,3415215
companyfacts_0001123360.json,https://data.sec.gov/api/xbrl/companyfacts/CIK0001123360.json,2026-09-12T20:16:20Z,4102359
companyfacts_0001121788.json,https://data.sec.gov/api/xbrl/companyfacts/CIK0001121788.json,2026-09-12T20:16:22Z,3717394
companyfacts_0000886982.json,https://data.sec.gov/api/xbrl/companyfacts/CIK0000886982.json,2026-09-12T20:16:24Z,5975831
companyfacts_0000277135.json,https://data.sec.gov/api/xbrl/companyfacts/CIK0000277135.json,2026-09-12T20:16:26Z,3631121
companyfacts_0000045012.json,https://data.sec.gov/api/xbrl/companyfacts/CIK0000045012.json,2026-09-12T20:16:27Z,3211355
companyfacts_0000046080.json,https://data.sec.gov/api/xbrl/companyfacts/CIK0000046080.json,2026-09-12T20:16:29Z,3982697
companyfacts_0000049196.json,https://data.sec.gov/api/xbrl/companyfacts/CIK0000049196.json,2026-09-12T20:16:30Z,6280899
companyfacts_0000860730.json,https://data.sec.gov/api/xbrl/companyfacts/CIK0000860730.json,2026-09-12T20:16:32Z,3550371
companyfacts_0000354950.json,https://data.sec.gov/api/xbrl/companyfacts/CIK0000354950.json,2026-09-12T20:16:33Z,3217710
companyfacts_0000874766.json,https://data.sec.gov/api/xbrl/companyfacts/CIK0000874766.json,2026-09-12T20:16:34Z,5937353
companyfacts_0001501585.json,https://data.sec.gov/api/xbrl/companyfacts/CIK0001501585.json,2026-09-12T20:16:36Z,3011192
companyfacts_0001585689.json,https://data.sec.gov/api/xbrl/companyfacts/CIK0001585689.json,2026-09-12T20:16:37Z,3142726
companyfacts_0000773840.json,https://data.sec.gov/api/xbrl/companyfacts/CIK0000773840.json,2026-09-12T20:16:38Z,4558324
companyfacts_0002089271.json,https://data.sec.gov/api/xbrl/companyfacts/CIK0002089271.json,2026-09-12T20:16:39Z,85792
companyfacts_0001783879.json,https://data.sec.gov/api/xbrl/companyfacts/CIK0001783879.json,2026-09-12T20:16:41Z,1381849
companyfacts_0001645590.json,https://data.sec.gov/api/xbrl/companyfacts/CIK0001645590.json,2026-09-12T20:16:42Z,3535948
companyfacts_0000047217.json,https://data.sec.gov/api/xbrl/companyfacts/CIK0000047217.json,2026-09-12T20:16:45Z,4957401
companyfacts_0000048465.json,https://data.sec.gov/api/xbrl/companyfacts/CIK0000048465.json,2026-09-12T20:16:46Z,3433849
companyfacts_0001000228.json,https://data.sec.gov/api/xbrl/companyfacts/CIK0001000228.json,2026-09-12T20:16:48Z,4076915
companyfacts_0001070750.json,https://data.sec.gov/api/xbrl/companyfacts/CIK0001070750.json,2026-09-12T20:16:49Z,2963060
companyfacts_0000047111.json,https://data.sec.gov/api/xbrl/companyfacts/CIK0000047111.json,2026-09-12T20:16:51Z,4529555
companyfacts_0000048898.json,https://data.sec.gov/api/xbrl/companyfacts/CIK0000048898.json,2026-09-12T20:16:52Z,3758038
companyfacts_0000049071.json,https://data.sec.gov/api/xbrl/companyfacts/CIK0000049071.json,2026-09-12T20:16:54Z,4360644
companyfacts_0000004281.json,https://data.sec.gov/api/xbrl/companyfacts/CIK0000004281.json,2026-09-12T20:16:55Z,4967150
companyfacts_0001381197.json,https://data.sec.gov/api/xbrl/companyfacts/CIK0001381197.json,2026-09-12T20:16:56Z,3043402
companyfacts_0000051143.json,https://data.sec.gov/api/xbrl/companyfacts/CIK0000051143.json,2026-09-12T20:16:58Z,5650571
companyfacts_0001571949.json,https://data.sec.gov/api/xbrl/companyfacts/CIK0001571949.json,2026-09-12T20:16:59Z,3639629
companyfacts_0000874716.json,https://data.sec.gov/api/xbrl/companyfacts/CIK0000874716.json,2026-09-12T20:17:00Z,4000153
companyfacts_0000832101.json,https://data.sec.gov/api/xbrl/companyfacts/CIK0000832101.json,2026-09-12T20:17:02Z,3907740
companyfacts_0000051253.json,https://data.sec.gov/api/xbrl/companyfacts/CIK0000051253.json,2026-09-12T20:17:04Z,3897926
companyfacts_0000879169.json,https://data.sec.gov/api/xbrl/companyfacts/CIK0000879169.json,2026-09-12T20:17:05Z,2962865
companyfacts_0000050863.json,https://data.sec.gov/api/xbrl/companyfacts/CIK0000050863.json,2026-09-12T20:17:07Z,4311809
companyfacts_0000896878.json,https://data.sec.gov/api/xbrl/companyfacts/CIK0000896878.json,2026-09-12T20:17:08Z,4417219
companyfacts_0001687229.json,https://data.sec.gov/api/xbrl/companyfacts/CIK0001687229.json,2026-09-12T20:17:09Z,2493286
companyfacts_0000051434.json,https://data.sec.gov/api/xbrl/companyfacts/CIK0000051434.json,2026-09-12T20:17:10Z,4844984
companyfacts_0001478242.json,https://data.sec.gov/api/xbrl/companyfacts/CIK0001478242.json,2026-09-12T20:17:12Z,3160028
companyfacts_0001699150.json,https://data.sec.gov/api/xbrl/companyfacts/CIK0001699150.json,2026-09-12T20:17:13Z,2609507
companyfacts_0001020569.json,https://data.sec.gov/api/xbrl/companyfacts/CIK0001020569.json,2026-09-12T20:17:14Z,4688101
companyfacts_0001035267.json,https://data.sec.gov/api/xbrl/companyfacts/CIK0001035267.json,2026-09-12T20:17:15Z,4148152
companyfacts_0000749251.json,https://data.sec.gov/api/xbrl/companyfacts/CIK0000749251.json,2026-09-12T20:17:17Z,3626732
companyfacts_0000049826.json,https://data.sec.gov/api/xbrl/companyfacts/CIK0000049826.json,2026-09-12T20:17:18Z,3532522
companyfacts_0000914208.json,https://data.sec.gov/api/xbrl/companyfacts/CIK0000914208.json,2026-09-12T20:17:19Z,4183982
companyfacts_0000052988.json,https://data.sec.gov/api/xbrl/companyfacts/CIK0000052988.json,2026-09-12T20:17:20Z,4350229
companyfacts_0000728535.json,https://data.sec.gov/api/xbrl/companyfacts/CIK0000728535.json,2026-09-12T20:17:22Z,2374661
companyfacts_0000898293.json,https://data.sec.gov/api/xbrl/companyfacts/CIK0000898293.json,2026-09-12T20:17:24Z,3847726
companyfacts_0000833444.json,https://data.sec.gov/api/xbrl/companyfacts/CIK0000833444.json,2026-09-12T20:17:25Z,4969977
companyfacts_0000779152.json,https://data.sec.gov/api/xbrl/companyfacts/CIK0000779152.json,2026-09-12T20:17:26Z,3321994
companyfacts_0000200406.json,https://data.sec.gov/api/xbrl/companyfacts/CIK0000200406.json,2026-09-12T20:17:27Z,4168526
companyfacts_0000019617.json,https://data.sec.gov/api/xbrl/companyfacts/CIK0000019617.json,2026-09-12T20:17:29Z,7935919
companyfacts_0001418135.json,https://data.sec.gov/api/xbrl/companyfacts/CIK0001418135.json,2026-09-12T20:17:30Z,5131878
companyfacts_0000091576.json,https://data.sec.gov/api/xbrl/companyfacts/CIK0000091576.json,2026-09-12T20:17:32Z,6308337
companyfacts_0001601046.json,https://data.sec.gov/api/xbrl/companyfacts/CIK0001601046.json,2026-09-12T20:17:33Z,3516936
companyfacts_0001637459.json,https://data.sec.gov/api/xbrl/companyfacts/CIK0001637459.json,2026-09-12T20:17:35Z,3417827
companyfacts_0000879101.json,https://data.sec.gov/api/xbrl/companyfacts/CIK0000879101.json,2026-09-12T20:17:36Z,4823878
companyfacts_0001404912.json,https://data.sec.gov/api/xbrl/companyfacts/CIK0001404912.json,2026-09-12T20:17:38Z,3075320
companyfacts_0000319201.json,https://data.sec.gov/api/xbrl/companyfacts/CIK0000319201.json,2026-09-12T20:17:40Z,4900965
companyfacts_0000055785.json,https://data.sec.gov/api/xbrl/companyfacts/CIK0000055785.json,2026-09-12T20:17:41Z,3570577
companyfacts_0001506307.json,https://data.sec.gov/api/xbrl/companyfacts/CIK0001506307.json,2026-09-12T20:17:43Z,3840097
companyfacts_0000021344.json,https://data.sec.gov/api/xbrl/companyfacts/CIK0000021344.json,2026-09-12T20:17:45Z,5028478
companyfacts_0000056873.json,https://data.sec.gov/api/xbrl/companyfacts/CIK0000056873.json,2026-09-12T20:17:46Z,3852796
companyfacts_0001944048.json,https://data.sec.gov/api/xbrl/companyfacts/CIK0001944048.json,2026-09-12T20:17:48Z,986820
companyfacts_0000060086.json,https://data.sec.gov/api/xbrl/companyfacts/CIK0000060086.json,2026-09-12T20:17:49Z,4676787
companyfacts_0001336920.json,https://data.sec.gov/api/xbrl/companyfacts/CIK0001336920.json,2026-09-12T20:17:51Z,4043826
companyfacts_0000920760.json,https://data.sec.gov/api/xbrl/companyfacts/CIK0000920760.json,2026-09-12T20:17:52Z,2884767
companyfacts_0000920148.json,https://data.sec.gov/api/xbrl/companyfacts/CIK0000920148.json,2026-09-12T20:17:53Z,4414191
companyfacts_0000202058.json,https://data.sec.gov/api/xbrl/companyfacts/CIK0000202058.json,2026-09-12T20:17:54Z,4274516
companyfacts_0001069202.json,https://data.sec.gov/api/xbrl/companyfacts/CIK0001069202.json,2026-09-12T20:17:56Z,4266684
companyfacts_0001707925.json,https://data.sec.gov/api/xbrl/companyfacts/CIK0001707925.json,2026-09-12T20:17:57Z,2222619
companyfacts_0001633978.json,https://data.sec.gov/api/xbrl/companyfacts/CIK0001633978.json,2026-09-12T20:17:58Z,3233495
companyfacts_0000059478.json,https://data.sec.gov/api/xbrl/companyfacts/CIK0000059478.json,2026-09-12T20:18:00Z,3523596
companyfacts_0000936468.json,https://data.sec.gov/api/xbrl/companyfacts/CIK0000936468.json,2026-09-12T20:18:01Z,3380288
companyfacts_0000352541.json,https://data.sec.gov/api/xbrl/companyfacts/CIK0000352541.json,2026-09-12T20:18:03Z,3390539
companyfacts_0000060667.json,https://data.sec.gov/api/xbrl/companyfacts/CIK0000060667.json,2026-09-12T20:18:05Z,3714927
companyfacts_0000707549.json,https://data.sec.gov/api/xbrl/companyfacts/CIK0000707549.json,2026-09-12T20:18:07Z,4073021
companyfacts_0001397187.json,https://data.sec.gov/api/xbrl/companyfacts/CIK0001397187.json,2026-09-12T20:18:08Z,2968163
companyfacts_0000092380.json,https://data.sec.gov/api/xbrl/companyfacts/CIK0000092380.json,2026-09-12T20:18:10Z,4083360
companyfacts_0001300514.json,https://data.sec.gov/api/xbrl/companyfacts/CIK0001300514.json,2026-09-12T20:18:12Z,3623714
companyfacts_0001489393.json,https://data.sec.gov/api/xbrl/companyfacts/CIK0001489393.json,2026-09-12T20:18:13Z,3802383
companyfacts_0001335258.json,https://data.sec.gov/api/xbrl/companyfacts/CIK0001335258.json,2026-09-12T20:18:14Z,3656744
companyfacts_0001141391.json,https://data.sec.gov/api/xbrl/companyfacts/CIK0001141391.json,2026-09-12T20:18:16Z,4133615
companyfacts_0000912595.json,https://data.sec.gov/api/xbrl/companyfacts/CIK0000912595.json,2026-09-12T20:18:17Z,2438300
companyfacts_0001048286.json,https://data.sec.gov/api/xbrl/companyfacts/CIK0001048286.json,2026-09-12T20:18:19Z,3269111
companyfacts_0000062996.json,https://data.sec.gov/api/xbrl/companyfacts/CIK0000062996.json,2026-09-12T20:18:20Z,4320793
companyfacts_0000063908.json,https://data.sec.gov/api/xbrl/companyfacts/CIK0000063908.json,2026-09-12T20:18:22Z,3579350
companyfacts_0000827054.json,https://data.sec.gov/api/xbrl/companyfacts/CIK0000827054.json,2026-09-12T20:18:24Z,4312449
companyfacts_0000927653.json,https://data.sec.gov/api/xbrl/companyfacts/CIK0000927653.json,2026-09-12T20:18:26Z,4333890
companyfacts_0001059556.json,https://data.sec.gov/api/xbrl/companyfacts/CIK0001059556.json,2026-09-12T20:18:27Z,5263162
companyfacts_0001103982.json,https://data.sec.gov/api/xbrl/companyfacts/CIK0001103982.json,2026-09-12T20:18:28Z,4424102
companyfacts_0001613103.json,https://data.sec.gov/api/xbrl/companyfacts/CIK0001613103.json,2026-09-12T20:18:30Z,3232520
companyfacts_0001099219.json,https://data.sec.gov/api/xbrl/companyfacts/CIK0001099219.json,2026-09-12T20:18:32Z,9240150
companyfacts_0001326801.json,https://data.sec.gov/api/xbrl/companyfacts/CIK0001326801.json,2026-09-12T20:18:33Z,2746680
companyfacts_0000789570.json,https://data.sec.gov/api/xbrl/companyfacts/CIK0000789570.json,2026-09-12T20:18:35Z,3835130
companyfacts_0000063754.json,https://data.sec.gov/api/xbrl/companyfacts/CIK0000063754.json,2026-09-12T20:18:36Z,3303371
companyfacts_0000916076.json,https://data.sec.gov/api/xbrl/companyfacts/CIK0000916076.json,2026-09-12T20:18:38Z,4038005
companyfacts_0000066740.json,https://data.sec.gov/api/xbrl/companyfacts/CIK0000066740.json,2026-09-12T20:18:39Z,5241880
companyfacts_0000865752.json,https://data.sec.gov/api/xbrl/companyfacts/CIK0000865752.json,2026-09-12T20:18:42Z,3248145
companyfacts_0000764180.json,https://data.sec.gov/api/xbrl/companyfacts/CIK0000764180.json,2026-09-12T20:18:44Z,3771084
companyfacts_0001285785.json,https://data.sec.gov/api/xbrl/companyfacts/CIK0001285785.json,2026-09-12T20:18:46Z,4462479
companyfacts_0001510295.json,https://data.sec.gov/api/xbrl/companyfacts/CIK0001510295.json,2026-09-12T20:18:48Z,4256473
companyfacts_0001280452.json,https://data.sec.gov/api/xbrl/companyfacts/CIK0001280452.json,2026-09-12T20:18:49Z,3535560
companyfacts_0000310158.json,https://data.sec.gov/api/xbrl/companyfacts/CIK0000310158.json,2026-09-12T20:18:50Z,4487341
companyfacts_0001682852.json,https://data.sec.gov/api/xbrl/companyfacts/CIK0001682852.json,2026-09-12T20:18:52Z,1859451
companyfacts_0000062709.json,https://data.sec.gov/api/xbrl/companyfacts/CIK0000062709.json,2026-09-12T20:18:53Z,5081482
companyfacts_0001835632.json,https://data.sec.gov/api/xbrl/companyfacts/CIK0001835632.json,2026-09-12T20:18:55Z,1329277
companyfacts_0000895421.json,https://data.sec.gov/api/xbrl/companyfacts/CIK0000895421.json,2026-09-12T20:18:56Z,7112422
companyfacts_0001408198.json,https://data.sec.gov/api/xbrl/companyfacts/CIK0001408198.json,2026-09-12T20:18:58Z,4129490
companyfacts_0000789019.json,https://data.sec.gov/api/xbrl/companyfacts/CIK0000789019.json,2026-09-12T20:18:59Z,4881196
companyfacts_0000068505.json,https://data.sec.gov/api/xbrl/companyfacts/CIK0000068505.json,2026-09-12T20:19:01Z,5298133
companyfacts_0000036270.json,https://data.sec.gov/api/xbrl/companyfacts/CIK0000036270.json,2026-09-12T20:19:02Z,6091436
companyfacts_0001037646.json,https://data.sec.gov/api/xbrl/companyfacts/CIK0001037646.json,2026-09-12T20:19:04Z,3649530
companyfacts_0000723125.json,https://data.sec.gov/api/xbrl/companyfacts/CIK0000723125.json,2026-09-12T20:19:06Z,4084347
companyfacts_0001513761.json,https://data.sec.gov/api/xbrl/companyfacts/CIK0001513761.json,2026-09-12T20:19:07Z,2696136
companyfacts_0001120193.json,https://data.sec.gov/api/xbrl/companyfacts/CIK0001120193.json,2026-09-12T20:19:09Z,4265891
companyfacts_0000072331.json,https://data.sec.gov/api/xbrl/companyfacts/CIK0000072331.json,2026-09-12T20:19:11Z,3296476
companyfacts_0000753308.json,https://data.sec.gov/api/xbrl/companyfacts/CIK0000753308.json,2026-09-12T20:19:12Z,3918900
companyfacts_0001164727.json,https://data.sec.gov/api/xbrl/companyfacts/CIK0001164727.json,2026-09-12T20:19:13Z,5741373
companyfacts_0001065280.json,https://data.sec.gov/api/xbrl/companyfacts/CIK0001065280.json,2026-09-12T20:19:14Z,3592813
companyfacts_0001111711.json,https://data.sec.gov/api/xbrl/companyfacts/CIK0001111711.json,2026-09-12T20:19:16Z,4928709
companyfacts_0000320187.json,https://data.sec.gov/api/xbrl/companyfacts/CIK0000320187.json,2026-09-12T20:19:17Z,3022251
companyfacts_0001133421.json,https://data.sec.gov/api/xbrl/companyfacts/CIK0001133421.json,2026-09-12T20:19:19Z,3655840
companyfacts_0001373715.json,https://data.sec.gov/api/xbrl/companyfacts/CIK0001373715.json,2026-09-12T20:19:20Z,3263700
companyfacts_0001013871.json,https://data.sec.gov/api/xbrl/companyfacts/CIK0001013871.json,2026-09-12T20:19:21Z,5098815
companyfacts_0000702165.json,https://data.sec.gov/api/xbrl/companyfacts/CIK0000702165.json,2026-09-12T20:19:23Z,3077075
companyfacts_0001002047.json,https://data.sec.gov/api/xbrl/companyfacts/CIK0001002047.json,2026-09-12T20:19:24Z,4320731
companyfacts_0000073124.json,https://data.sec.gov/api/xbrl/companyfacts/CIK0000073124.json,2026-09-12T20:19:26Z,5854501
companyfacts_0000073309.json,https://data.sec.gov/api/xbrl/companyfacts/CIK0000073309.json,2026-09-12T20:19:28Z,3937394
companyfacts_0001045810.json,https://data.sec.gov/api/xbrl/companyfacts/CIK0001045810.json,2026-09-12T20:19:29Z,4092966
companyfacts_0000906163.json,https://data.sec.gov/api/xbrl/companyfacts/CIK0000906163.json,2026-09-12T20:19:31Z,2125245
companyfacts_0001564708.json,https://data.sec.gov/api/xbrl/companyfacts/CIK0001564708.json,2026-09-12T20:19:32Z,3138981
companyfacts_0001413447.json,https://data.sec.gov/api/xbrl/companyfacts/CIK0001413447.json,2026-09-12T20:19:33Z,2693762
companyfacts_0000726728.json,https://data.sec.gov/api/xbrl/companyfacts/CIK0000726728.json,2026-09-12T20:19:34Z,3235550
companyfacts_0000878927.json,https://data.sec.gov/api/xbrl/companyfacts/CIK0000878927.json,2026-09-12T20:19:36Z,2277855
companyfacts_0001039684.json,https://data.sec.gov/api/xbrl/companyfacts/CIK0001039684.json,2026-09-12T20:19:37Z,4354115
companyfacts_0000029989.json,https://data.sec.gov/api/xbrl/companyfacts/CIK0000029989.json,2026-09-12T20:19:38Z,3705814
companyfacts_0001097864.json,https://data.sec.gov/api/xbrl/companyfacts/CIK0001097864.json,2026-09-12T20:19:40Z,4623403
companyfacts_0001341439.json,https://data.sec.gov/api/xbrl/companyfacts/CIK0001341439.json,2026-09-12T20:19:41Z,3956940
companyfacts_0000898173.json,https://data.sec.gov/api/xbrl/companyfacts/CIK0000898173.json,2026-09-12T20:19:42Z,3026097
companyfacts_0001781335.json,https://data.sec.gov/api/xbrl/companyfacts/CIK0001781335.json,2026-09-12T20:19:44Z,1854950
companyfacts_0000797468.json,https://data.sec.gov/api/xbrl/companyfacts/CIK0000797468.json,2026-09-12T20:19:45Z,3830831
companyfacts_0001327567.json,https://data.sec.gov/api/xbrl/companyfacts/CIK0001327567.json,2026-09-12T20:19:47Z,3169514
companyfacts_0000723531.json,https://data.sec.gov/api/xbrl/companyfacts/CIK0000723531.json,2026-09-12T20:19:49Z,3457895
companyfacts_0000075362.json,https://data.sec.gov/api/xbrl/companyfacts/CIK0000075362.json,2026-09-12T20:19:50Z,3138130
companyfacts_0001004980.json,https://data.sec.gov/api/xbrl/companyfacts/CIK0001004980.json,2026-09-12T20:19:51Z,3313889
companyfacts_0000788784.json,https://data.sec.gov/api/xbrl/companyfacts/CIK0000788784.json,2026-09-12T20:19:53Z,4180713
companyfacts_0000077476.json,https://data.sec.gov/api/xbrl/companyfacts/CIK0000077476.json,2026-09-12T20:19:54Z,4932092
companyfacts_0000078003.json,https://data.sec.gov/api/xbrl/companyfacts/CIK0000078003.json,2026-09-12T20:19:55Z,5032767
companyfacts_0001126328.json,https://data.sec.gov/api/xbrl/companyfacts/CIK0001126328.json,2026-09-12T20:19:57Z,5209023
companyfacts_0000080424.json,https://data.sec.gov/api/xbrl/companyfacts/CIK0000080424.json,2026-09-12T20:19:59Z,3911151
companyfacts_0000080661.json,https://data.sec.gov/api/xbrl/companyfacts/CIK0000080661.json,2026-09-12T20:20:00Z,5157763
companyfacts_0000076334.json,https://data.sec.gov/api/xbrl/companyfacts/CIK0000076334.json,2026-09-12T20:20:01Z,3954401
companyfacts_0000822416.json,https://data.sec.gov/api/xbrl/companyfacts/CIK0000822416.json,2026-09-12T20:20:03Z,3563712
companyfacts_0000075677.json,https://data.sec.gov/api/xbrl/companyfacts/CIK0000075677.json,2026-09-12T20:20:05Z,3581237
companyfacts_0001045609.json,https://data.sec.gov/api/xbrl/companyfacts/CIK0001045609.json,2026-09-12T20:20:06Z,3564170
companyfacts_0001321655.json,https://data.sec.gov/api/xbrl/companyfacts/CIK0001321655.json,2026-09-12T20:20:08Z,1247305
companyfacts_0001413329.json,https://data.sec.gov/api/xbrl/companyfacts/CIK0001413329.json,2026-09-12T20:20:10Z,4130821
companyfacts_0000713676.json,https://data.sec.gov/api/xbrl/companyfacts/CIK0000713676.json,2026-09-12T20:20:11Z,6060808
companyfacts_0000077360.json,https://data.sec.gov/api/xbrl/companyfacts/CIK0000077360.json,2026-09-12T20:20:13Z,4798391
companyfacts_0000764622.json,https://data.sec.gov/api/xbrl/companyfacts/CIK0000764622.json,2026-09-12T20:20:15Z,4127165
companyfacts_0001145197.json,https://data.sec.gov/api/xbrl/companyfacts/CIK0001145197.json,2026-09-12T20:20:16Z,3472092
companyfacts_0000079879.json,https://data.sec.gov/api/xbrl/companyfacts/CIK0000079879.json,2026-09-12T20:20:18Z,5422503
companyfacts_0000922224.json,https://data.sec.gov/api/xbrl/companyfacts/CIK0000922224.json,2026-09-12T20:20:20Z,4983953
companyfacts_0001137774.json,https://data.sec.gov/api/xbrl/companyfacts/CIK0001137774.json,2026-09-12T20:20:21Z,6703080
companyfacts_0001393311.json,https://data.sec.gov/api/xbrl/companyfacts/CIK0001393311.json,2026-09-12T20:20:22Z,3172557
companyfacts_0002041610.json,https://data.sec.gov/api/xbrl/companyfacts/CIK0002041610.json,2026-09-12T20:20:24Z,396792
companyfacts_0001534701.json,https://data.sec.gov/api/xbrl/companyfacts/CIK0001534701.json,2026-09-12T20:20:25Z,3678031
companyfacts_0000857005.json,https://data.sec.gov/api/xbrl/companyfacts/CIK0000857005.json,2026-09-12T20:20:27Z,3852152
companyfacts_0001050915.json,https://data.sec.gov/api/xbrl/companyfacts/CIK0001050915.json,2026-09-12T20:20:29Z,4747016
companyfacts_0001633917.json,https://data.sec.gov/api/xbrl/companyfacts/CIK0001633917.json,2026-09-12T20:20:31Z,3016984
companyfacts_0002058873.json,https://data.sec.gov/api/xbrl/companyfacts/CIK0002058873.json,2026-09-12T20:20:32Z,337914
companyfacts_0000804328.json,https://data.sec.gov/api/xbrl/companyfacts/CIK0000804328.json,2026-09-12T20:20:33Z,4357830
companyfacts_0000884887.json,https://data.sec.gov/api/xbrl/companyfacts/CIK0000884887.json,2026-09-12T20:20:35Z,3392288
companyfacts_0001713445.json,https://data.sec.gov/api/xbrl/companyfacts/CIK0001713445.json,2026-09-12T20:20:36Z,563002
companyfacts_0000910606.json,https://data.sec.gov/api/xbrl/companyfacts/CIK0000910606.json,2026-09-12T20:20:38Z,2473828
companyfacts_0000872589.json,https://data.sec.gov/api/xbrl/companyfacts/CIK0000872589.json,2026-09-12T20:20:39Z,2917132
companyfacts_0001281761.json,https://data.sec.gov/api/xbrl/companyfacts/CIK0001281761.json,2026-09-12T20:20:41Z,6634151
companyfacts_0000720005.json,https://data.sec.gov/api/xbrl/companyfacts/CIK0000720005.json,2026-09-12T20:20:42Z,5453435
companyfacts_0001037038.json,https://data.sec.gov/api/xbrl/companyfacts/CIK0001037038.json,2026-09-12T20:20:44Z,4074172
companyfacts_0000943819.json,https://data.sec.gov/api/xbrl/companyfacts/CIK0000943819.json,2026-09-12T20:20:45Z,3425843
companyfacts_0001024478.json,https://data.sec.gov/api/xbrl/companyfacts/CIK0001024478.json,2026-09-12T20:20:47Z,4112455
companyfacts_0000084839.json,https://data.sec.gov/api/xbrl/companyfacts/CIK0000084839.json,2026-09-12T20:20:48Z,2994179
companyfacts_0000882835.json,https://data.sec.gov/api/xbrl/companyfacts/CIK0000882835.json,2026-09-12T20:20:51Z,3434191
companyfacts_0000745732.json,https://data.sec.gov/api/xbrl/companyfacts/CIK0000745732.json,2026-09-12T20:20:52Z,3055271
companyfacts_0001060391.json,https://data.sec.gov/api/xbrl/companyfacts/CIK0001060391.json,2026-09-12T20:20:53Z,4889452
companyfacts_0000101829.json,https://data.sec.gov/api/xbrl/companyfacts/CIK0000101829.json,2026-09-12T20:20:55Z,5137052
companyfacts_0000031791.json,https://data.sec.gov/api/xbrl/companyfacts/CIK0000031791.json,2026-09-12T20:20:57Z,4243204
companyfacts_0001034054.json,https://data.sec.gov/api/xbrl/companyfacts/CIK0001034054.json,2026-09-12T20:20:58Z,4031191
companyfacts_0000829224.json,https://data.sec.gov/api/xbrl/companyfacts/CIK0000829224.json,2026-09-12T20:21:00Z,4156876
companyfacts_0000316709.json,https://data.sec.gov/api/xbrl/companyfacts/CIK0000316709.json,2026-09-12T20:21:02Z,5194020
companyfacts_0000089800.json,https://data.sec.gov/api/xbrl/companyfacts/CIK0000089800.json,2026-09-12T20:21:03Z,4476668
companyfacts_0000091419.json,https://data.sec.gov/api/xbrl/companyfacts/CIK0000091419.json,2026-09-12T20:21:05Z,3532943
companyfacts_0000087347.json,https://data.sec.gov/api/xbrl/companyfacts/CIK0000087347.json,2026-09-12T20:21:07Z,3893114
companyfacts_0001375365.json,https://data.sec.gov/api/xbrl/companyfacts/CIK0001375365.json,2026-09-12T20:21:09Z,3602296
companyfacts_0000091440.json,https://data.sec.gov/api/xbrl/companyfacts/CIK0000091440.json,2026-09-12T20:21:11Z,4315702
companyfacts_0002023554.json,https://data.sec.gov/api/xbrl/companyfacts/CIK0002023554.json,2026-09-12T20:21:13Z,541129
companyfacts_0000883241.json,https://data.sec.gov/api/xbrl/companyfacts/CIK0000883241.json,2026-09-12T20:21:14Z,4253645
companyfacts_0000092122.json,https://data.sec.gov/api/xbrl/companyfacts/CIK0000092122.json,2026-09-12T20:21:15Z,4190929
companyfacts_0001964738.json,https://data.sec.gov/api/xbrl/companyfacts/CIK0001964738.json,2026-09-12T20:21:17Z,559481
companyfacts_0001063761.json,https://data.sec.gov/api/xbrl/companyfacts/CIK0001063761.json,2026-09-12T20:21:18Z,3263155
companyfacts_0000064040.json,https://data.sec.gov/api/xbrl/companyfacts/CIK0000064040.json,2026-09-12T20:21:20Z,4297774
companyfacts_0001032208.json,https://data.sec.gov/api/xbrl/companyfacts/CIK0001032208.json,2026-09-12T20:21:21Z,5087076
companyfacts_0001757898.json,https://data.sec.gov/api/xbrl/companyfacts/CIK0001757898.json,2026-09-12T20:21:23Z,2278696
companyfacts_0001022671.json,https://data.sec.gov/api/xbrl/companyfacts/CIK0001022671.json,2026-09-12T20:21:24Z,3260937
companyfacts_0000093751.json,https://data.sec.gov/api/xbrl/companyfacts/CIK0000093751.json,2026-09-12T20:21:26Z,6124478
companyfacts_0001137789.json,https://data.sec.gov/api/xbrl/companyfacts/CIK0001137789.json,2026-09-12T20:21:27Z,3716661
companyfacts_0000016918.json,https://data.sec.gov/api/xbrl/companyfacts/CIK0000016918.json,2026-09-12T20:21:28Z,3810307
companyfacts_0002005951.json,https://data.sec.gov/api/xbrl/companyfacts/CIK0002005951.json,2026-09-12T20:21:30Z,609101
companyfacts_0000093556.json,https://data.sec.gov/api/xbrl/companyfacts/CIK0000093556.json,2026-09-12T20:21:31Z,5126627
companyfacts_0000004127.json,https://data.sec.gov/api/xbrl/companyfacts/CIK0000004127.json,2026-09-12T20:21:33Z,3243173
companyfacts_0001601712.json,https://data.sec.gov/api/xbrl/companyfacts/CIK0001601712.json,2026-09-12T20:21:34Z,2762314
companyfacts_0000310764.json,https://data.sec.gov/api/xbrl/companyfacts/CIK0000310764.json,2026-09-12T20:21:36Z,3746862
companyfacts_0000096021.json,https://data.sec.gov/api/xbrl/companyfacts/CIK0000096021.json,2026-09-12T20:21:37Z,3955919
companyfacts_0000732717.json,https://data.sec.gov/api/xbrl/companyfacts/CIK0000732717.json,2026-09-12T20:21:39Z,4734140
companyfacts_0000024545.json,https://data.sec.gov/api/xbrl/companyfacts/CIK0000024545.json,2026-09-12T20:21:40Z,4466489
companyfacts_0001260221.json,https://data.sec.gov/api/xbrl/companyfacts/CIK0001260221.json,2026-09-12T20:21:41Z,3329571
companyfacts_0001094285.json,https://data.sec.gov/api/xbrl/companyfacts/CIK0001094285.json,2026-09-12T20:21:43Z,3567445
companyfacts_0000842023.json,https://data.sec.gov/api/xbrl/companyfacts/CIK0000842023.json,2026-09-12T20:21:44Z,3510958
companyfacts_0001385157.json,https://data.sec.gov/api/xbrl/companyfacts/CIK0001385157.json,2026-09-12T20:21:46Z,3935830
companyfacts_0000097210.json,https://data.sec.gov/api/xbrl/companyfacts/CIK0000097210.json,2026-09-12T20:21:48Z,5116469
companyfacts_0000092230.json,https://data.sec.gov/api/xbrl/companyfacts/CIK0000092230.json,2026-09-12T20:21:50Z,6021355
companyfacts_0000027419.json,https://data.sec.gov/api/xbrl/companyfacts/CIK0000027419.json,2026-09-12T20:21:51Z,3761536
companyfacts_0000109198.json,https://data.sec.gov/api/xbrl/companyfacts/CIK0000109198.json,2026-09-12T20:21:52Z,3654400
companyfacts_0001973266.json,https://data.sec.gov/api/xbrl/companyfacts/CIK0001973266.json,2026-09-12T20:21:54Z,907574
companyfacts_0000097745.json,https://data.sec.gov/api/xbrl/companyfacts/CIK0000097745.json,2026-09-12T20:21:55Z,5170585
companyfacts_0001283699.json,https://data.sec.gov/api/xbrl/companyfacts/CIK0001283699.json,2026-09-12T20:21:57Z,4489461
companyfacts_0001811074.json,https://data.sec.gov/api/xbrl/companyfacts/CIK0001811074.json,2026-09-12T20:21:58Z,1111764
companyfacts_0001116132.json,https://data.sec.gov/api/xbrl/companyfacts/CIK0001116132.json,2026-09-12T20:22:00Z,3860830
companyfacts_0001389170.json,https://data.sec.gov/api/xbrl/companyfacts/CIK0001389170.json,2026-09-12T20:22:01Z,3883230
companyfacts_0000864749.json,https://data.sec.gov/api/xbrl/companyfacts/CIK0000864749.json,2026-09-12T20:22:03Z,3842293
companyfacts_0001113169.json,https://data.sec.gov/api/xbrl/companyfacts/CIK0001113169.json,2026-09-12T20:22:04Z,2969556
companyfacts_0000086312.json,https://data.sec.gov/api/xbrl/companyfacts/CIK0000086312.json,2026-09-12T20:22:06Z,4338671
companyfacts_0000916365.json,https://data.sec.gov/api/xbrl/companyfacts/CIK0000916365.json,2026-09-12T20:22:08Z,3145587
companyfacts_0001318605.json,https://data.sec.gov/api/xbrl/companyfacts/CIK0001318605.json,2026-09-12T20:22:09Z,3641344
companyfacts_0000100493.json,https://data.sec.gov/api/xbrl/companyfacts/CIK0000100493.json,2026-09-12T20:22:11Z,3547540
companyfacts_0001466258.json,https://data.sec.gov/api/xbrl/companyfacts/CIK0001466258.json,2026-09-12T20:22:12Z,4362148
companyfacts_0001671933.json,https://data.sec.gov/api/xbrl/companyfacts/CIK0001671933.json,2026-09-12T20:22:14Z,1656962
companyfacts_0000946581.json,https://data.sec.gov/api/xbrl/companyfacts/CIK0000946581.json,2026-09-12T20:22:15Z,3317337
companyfacts_0000097476.json,https://data.sec.gov/api/xbrl/companyfacts/CIK0000097476.json,2026-09-12T20:22:16Z,3650054
companyfacts_0000217346.json,https://data.sec.gov/api/xbrl/companyfacts/CIK0000217346.json,2026-09-12T20:22:18Z,3582404
companyfacts_0000860731.json,https://data.sec.gov/api/xbrl/companyfacts/CIK0000860731.json,2026-09-12T20:22:19Z,3051282
companyfacts_0000100517.json,https://data.sec.gov/api/xbrl/companyfacts/CIK0000100517.json,2026-09-12T20:22:20Z,3570715
companyfacts_0001543151.json,https://data.sec.gov/api/xbrl/companyfacts/CIK0001543151.json,2026-09-12T20:22:22Z,2127307
companyfacts_0000074208.json,https://data.sec.gov/api/xbrl/companyfacts/CIK0000074208.json,2026-09-12T20:22:23Z,4050628
companyfacts_0000352915.json,https://data.sec.gov/api/xbrl/companyfacts/CIK0000352915.json,2026-09-12T20:22:24Z,3518923
companyfacts_0001403568.json,https://data.sec.gov/api/xbrl/companyfacts/CIK0001403568.json,2026-09-12T20:22:25Z,2514554
companyfacts_0000731766.json,https://data.sec.gov/api/xbrl/companyfacts/CIK0000731766.json,2026-09-12T20:22:27Z,4384010
companyfacts_0000100885.json,https://data.sec.gov/api/xbrl/companyfacts/CIK0000100885.json,2026-09-12T20:22:28Z,3598043
companyfacts_0001090727.json,https://data.sec.gov/api/xbrl/companyfacts/CIK0001090727.json,2026-09-12T20:22:30Z,4010678
companyfacts_0001067701.json,https://data.sec.gov/api/xbrl/companyfacts/CIK0001067701.json,2026-09-12T20:22:31Z,2805390
companyfacts_0000036104.json,https://data.sec.gov/api/xbrl/companyfacts/CIK0000036104.json,2026-09-12T20:22:32Z,6699314
companyfacts_0001403161.json,https://data.sec.gov/api/xbrl/companyfacts/CIK0001403161.json,2026-09-12T20:22:33Z,3564517
companyfacts_0001393052.json,https://data.sec.gov/api/xbrl/companyfacts/CIK0001393052.json,2026-09-12T20:22:35Z,2860947
companyfacts_0001705696.json,https://data.sec.gov/api/xbrl/companyfacts/CIK0001705696.json,2026-09-12T20:22:36Z,1753175
companyfacts_0001035002.json,https://data.sec.gov/api/xbrl/companyfacts/CIK0001035002.json,2026-09-12T20:22:37Z,4141979
companyfacts_0001967680.json,https://data.sec.gov/api/xbrl/companyfacts/CIK0001967680.json,2026-09-12T20:22:38Z,604267
companyfacts_0001396009.json,https://data.sec.gov/api/xbrl/companyfacts/CIK0001396009.json,2026-09-12T20:22:40Z,5059198
companyfacts_0000906107.json,https://data.sec.gov/api/xbrl/companyfacts/CIK0000906107.json,2026-09-12T20:22:41Z,4752175
companyfacts_0001442145.json,https://data.sec.gov/api/xbrl/companyfacts/CIK0001442145.json,2026-09-12T20:22:42Z,4631368
companyfacts_0001014473.json,https://data.sec.gov/api/xbrl/companyfacts/CIK0001014473.json,2026-09-12T20:22:44Z,3335619
companyfacts_0001674101.json,https://data.sec.gov/api/xbrl/companyfacts/CIK0001674101.json,2026-09-12T20:22:45Z,1796210
companyfacts_0000875320.json,https://data.sec.gov/api/xbrl/companyfacts/CIK0000875320.json,2026-09-12T20:22:46Z,3925679
companyfacts_0001692819.json,https://data.sec.gov/api/xbrl/companyfacts/CIK0001692819.json,2026-09-12T20:22:48Z,2586746
companyfacts_0000740260.json,https://data.sec.gov/api/xbrl/companyfacts/CIK0000740260.json,2026-09-12T20:22:50Z,4543836
companyfacts_0001792044.json,https://data.sec.gov/api/xbrl/companyfacts/CIK0001792044.json,2026-09-12T20:22:51Z,1642605
companyfacts_0000732712.json,https://data.sec.gov/api/xbrl/companyfacts/CIK0000732712.json,2026-09-12T20:22:53Z,4349995
companyfacts_0000943452.json,https://data.sec.gov/api/xbrl/companyfacts/CIK0000943452.json,2026-09-12T20:22:55Z,4158876
companyfacts_0001000697.json,https://data.sec.gov/api/xbrl/companyfacts/CIK0001000697.json,2026-09-12T20:22:56Z,4401557
companyfacts_0001437107.json,https://data.sec.gov/api/xbrl/companyfacts/CIK0001437107.json,2026-09-12T20:22:58Z,4907755
companyfacts_0001327811.json,https://data.sec.gov/api/xbrl/companyfacts/CIK0001327811.json,2026-09-12T20:22:59Z,3342756
companyfacts_0000106040.json,https://data.sec.gov/api/xbrl/companyfacts/CIK0000106040.json,2026-09-12T20:23:01Z,4245311
companyfacts_0000783325.json,https://data.sec.gov/api/xbrl/companyfacts/CIK0000783325.json,2026-09-12T20:23:03Z,4185336
companyfacts_0000766704.json,https://data.sec.gov/api/xbrl/companyfacts/CIK0000766704.json,2026-09-12T20:23:04Z,5375469
companyfacts_0000072971.json,https://data.sec.gov/api/xbrl/companyfacts/CIK0000072971.json,2026-09-12T20:23:06Z,7807366
companyfacts_0000823768.json,https://data.sec.gov/api/xbrl/companyfacts/CIK0000823768.json,2026-09-12T20:23:08Z,3707503
companyfacts_0000107263.json,https://data.sec.gov/api/xbrl/companyfacts/CIK0000107263.json,2026-09-12T20:23:09Z,4892843
companyfacts_0000104169.json,https://data.sec.gov/api/xbrl/companyfacts/CIK0000104169.json,2026-09-12T20:23:12Z,3770257
companyfacts_0000011544.json,https://data.sec.gov/api/xbrl/companyfacts/CIK0000011544.json,2026-09-12T20:23:14Z,4505894
companyfacts_0000719955.json,https://data.sec.gov/api/xbrl/companyfacts/CIK0000719955.json,2026-09-12T20:23:15Z,2987162
companyfacts_0000105770.json,https://data.sec.gov/api/xbrl/companyfacts/CIK0000105770.json,2026-09-12T20:23:17Z,4162704
companyfacts_0001140536.json,https://data.sec.gov/api/xbrl/companyfacts/CIK0001140536.json,2026-09-12T20:23:18Z,5025456
companyfacts_0000106535.json,https://data.sec.gov/api/xbrl/companyfacts/CIK0000106535.json,2026-09-12T20:23:20Z,3476958
companyfacts_0001174922.json,https://data.sec.gov/api/xbrl/companyfacts/CIK0001174922.json,2026-09-12T20:23:21Z,3785113
companyfacts_0000072903.json,https://data.sec.gov/api/xbrl/companyfacts/CIK0000072903.json,2026-09-12T20:23:22Z,4328029
companyfacts_0002115436.json,https://data.sec.gov/api/xbrl/companyfacts/CIK0002115436.json,2026-09-12T20:23:24Z,77964
companyfacts_0001524472.json,https://data.sec.gov/api/xbrl/companyfacts/CIK0001524472.json,2026-09-12T20:23:25Z,3946099
companyfacts_0001512673.json,https://data.sec.gov/api/xbrl/companyfacts/CIK0001512673.json,2026-09-12T20:23:26Z,2726025
companyfacts_0001041061.json,https://data.sec.gov/api/xbrl/companyfacts/CIK0001041061.json,2026-09-12T20:23:27Z,3684493
companyfacts_0001136869.json,https://data.sec.gov/api/xbrl/companyfacts/CIK0001136869.json,2026-09-12T20:23:29Z,4177232
companyfacts_0000877212.json,https://data.sec.gov/api/xbrl/companyfacts/CIK0000877212.json,2026-09-12T20:23:30Z,4390372
companyfacts_0001555280.json,https://data.sec.gov/api/xbrl/companyfacts/CIK0001555280.json,2026-09-12T20:23:32Z,3534449
submissions_0000320193.json,https://data.sec.gov/submissions/CIK0000320193.json,2026-09-12T21:04:08Z,164091
10k_0000320193_000032019325000079.htm,https://www.sec.gov/Archives/edgar/data/320193/000032019325000079/aapl-20250927.htm,2026-09-12T21:04:09Z,1520208
submissions_0000789019.json,https://data.sec.gov/submissions/CIK0000789019.json,2026-09-12T21:04:10Z,184700
10k_0000789019_000119312526323660.htm,https://www.sec.gov/Archives/edgar/data/789019/000119312526323660/msft-20260630.htm,2026-09-12T21:04:11Z,8585501
submissions_0000104169.json,https://data.sec.gov/submissions/CIK0000104169.json,2026-09-12T21:04:13Z,157410
10k_0000104169_000010416926000055.htm,https://www.sec.gov/Archives/edgar/data/104169/000010416926000055/wmt-20260131.htm,2026-09-12T21:04:14Z,2323981
submissions_0000019617.json,https://data.sec.gov/submissions/CIK0000019617.json,2026-09-12T21:04:15Z,4608297
10k_0000019617_000162828026008131.htm,https://www.sec.gov/Archives/edgar/data/19617/000162828026008131/jpm-20251231.htm,2026-09-12T21:04:16Z,12927325
submissions_0002115436.json,https://data.sec.gov/submissions/CIK0002115436.json,2026-09-12T21:04:18Z,6154
submissions_0000200406.json,https://data.sec.gov/submissions/CIK0000200406.json,2026-09-12T21:04:19Z,154758
10k_0000200406_000020040626000016.htm,https://www.sec.gov/Archives/edgar/data/200406/000020040626000016/jnj-20251228.htm,2026-09-12T21:04:20Z,3701587
submissions_0000080424.json,https://data.sec.gov/submissions/CIK0000080424.json,2026-09-12T21:04:21Z,160631
10k_0000080424_000008042426000103.htm,https://www.sec.gov/Archives/edgar/data/80424/000008042426000103/pg-20260630.htm,2026-09-12T21:04:24Z,2599485
submissions_0000018230.json,https://data.sec.gov/submissions/CIK0000018230.json,2026-09-12T21:04:25Z,167604
10k_0000018230_000001823026000008.htm,https://www.sec.gov/Archives/edgar/data/18230/000001823026000008/cat-20251231.htm,2026-09-12T21:04:26Z,6100469
submissions_0000753308.json,https://data.sec.gov/submissions/CIK0000753308.json,2026-09-12T21:04:27Z,173370
10k_0000753308_000075330826000015.htm,https://www.sec.gov/Archives/edgar/data/753308/000075330826000015/nee-20251231.htm,2026-09-12T21:04:28Z,4642182
submissions_0001063761.json,https://data.sec.gov/submissions/CIK0001063761.json,2026-09-12T21:04:30Z,157579
10k_0001063761_000110465926019419.htm,https://www.sec.gov/Archives/edgar/data/1063761/000110465926019419/spg-20251231x10k.htm,2026-09-12T21:04:31Z,11335574
submissions_0001707925.json,https://data.sec.gov/submissions/CIK0001707925.json,2026-09-12T21:04:32Z,125449
10k_0001707925_000162828026011430.htm,https://www.sec.gov/Archives/edgar/data/1707925/000162828026011430/lin-20251231.htm,2026-09-12T21:04:33Z,3356475
submissions_0001652044.json,https://data.sec.gov/submissions/CIK0001652044.json,2026-09-12T21:04:35Z,152715
10k_0001652044_000165204426000018.htm,https://www.sec.gov/Archives/edgar/data/1652044/000165204426000018/goog-20251231.htm,2026-09-12T21:04:36Z,2616499
submissions_0000070858.json,https://data.sec.gov/submissions/CIK0000070858.json,2026-09-12T21:04:37Z,1757163
10k_0000070858_000007085826000157.htm,https://www.sec.gov/Archives/edgar/data/70858/000007085826000157/bac-20251231.htm,2026-09-12T21:04:38Z,12819060
submissions_0000731766.json,https://data.sec.gov/submissions/CIK0000731766.json,2026-09-12T21:04:40Z,159078
10k_0000731766_000073176626000062.htm,https://www.sec.gov/Archives/edgar/data/731766/000073176626000062/unh-20251231.htm,2026-09-12T21:04:41Z,2870606
submissions_0000909832.json,https://data.sec.gov/submissions/CIK0000909832.json,2026-09-12T21:04:42Z,158961
10k_0000909832_000090983225000101.htm,https://www.sec.gov/Archives/edgar/data/909832/000090983225000101/cost-20250831.htm,2026-09-12T21:04:43Z,1438962
zts_10k_check.htm,https://www.sec.gov/Archives/edgar/data/1555280/000155528026000011/zts-20251231.htm,2026-09-12T21:16:24Z,3307949
smci_check.htm,https://www.sec.gov/Archives/edgar/data/1375365/000137536526000022/smci-20260630.htm,2026-09-12T21:23:12Z,3990369
