ticker,search_name,verified,matched_as
MMM,3M,True,3M COMPANY
AOS,SMITH A O,True,A. O. SMITH CORPORATION
ABT,ABBOTT LABORATORIES,True,ABBOTT LABORATORIES
ABBV,AbbVie,True,ABBVIE US LLC
ACN,Accenture,True,ACCENTURE FEDERAL SERVICES LLC
ADBE,ADOBE,True,DOUBLE ADOBE SCHOOL 45
AMD,ADVANCED MICRO DEVICES,True,"ADVANCED MICRO DEVICES, INC."
AES,AES,True,AES CORPORATION
AFL,AFLAC,True,AFLAC
A,AGILENT TECHNOLOGIES,True,"AGILENT TECHNOLOGIES, INC."
APD,Air Products & Chemicals,True,"AIR PRODUCTS AND CHEMICALS, INC"
ABNB,Airbnb,True,(AIRBNB)
AKAM,AKAMAI TECHNOLOGIES,True,AKAMAI TECHNOLOGIES INC
ALB,ALBEMARLE,True,ALBEMARLE REGIONAL HEALTH SERVICES
ARE,ALEXANDRIA REAL ESTATE EQUITIES,True,"ALEXANDRIA REAL ESTATE EQUITIES, INC."
ALGN,ALIGN TECHNOLOGY,True,"ALIGN TECHNOLOGY, INC."
ALLE,Allegion,True,ALLEGION ACCESS TECHNOLOGIES LLC
LNT,ALLIANT ENERGY,True,ALLIANT ENERGY INTEGRATED SERVICES
ALL,ALLSTATE,True,ALLSTATE INSURANCE
GOOGL,Alphabet,True,"ALPHABET ENERGY, INC."
GOOG,Alphabet,True,"ALPHABET ENERGY, INC."
MO,ALTRIA,True,ALTRIA CLIENT SERVICES INC.
AMZN,AMAZON COM,True,"AMAZON .COM,INC"
AMCR,Amcor,True,A & E AMCOR INC
AEE,AMEREN,True,AMEREN CORPORATION
AEP,AMERICAN ELECTRIC POWER,True,AMERICAN ELECTRIC POWER
AXP,AMERICAN EXPRESS,True,ALL AMERICAN EXPRESS SOLUTIONS LLC
AIG,AMERICAN INTERNATIONAL,False,
AMT,AMERICAN TOWER,True,AMERICAN TOWER CORPORATION
AWK,American Water Works,True,AMERICAN WATER WORKS ASSOCIATION
AMP,AMERIPRISE FINANCIAL,True,AMERIPRISE FINANCIAL
AME,AMETEK INC/,True,"AMETEK, INC."
AMGN,AMGEN,True,AMGEN INC.
APH,AMPHENOL,True,AMPHENOL CORPORATION
ADI,ANALOG DEVICES,True,ANALOG DEVICES FEDERAL LLC
AON,Aon,True,"AON CONSULTING, INC."
APA,APA,False,
APO,Apollo Global Management,True,"APOLLO GLOBAL MANAGEMENT, LLC"
AAPL,Apple,True,"APPLE NINE HOSPITALITY MANAGEMENT, INC."
AMAT,APPLIED MATERIALS,True,APPLIED MATERIALS TECHNOLOGIES INC.
APP,AppLovin,False,
APTV,Aptiv,False,
ACGL,ARCH CAPITAL,True,"ANALYTICAL RESEARCH CAPITAL MANAGEMENT, LP"
ADM,Archer-Daniels-Midland,True,ARCHER-DANIELS-MIDLAND COMPANY
ARES,Ares Management,True,ANTARES MANAGEMENT LLC
ANET,Arista Networks,True,"ARISTA NETWORKS, INC."
AJG,Arthur J. Gallagher &,True,ARTHUR J GALLAGHER & CO
AIZ,ASSURANT,True,"ASSURANT CERTIFICATION SERVICES, LLC"
T,AT&T,True,AT&T CORP.
ATO,ATMOS ENERGY,True,ATMOS ENERGY CORPORATION
ADSK,Autodesk,True,"AUTODESK, INC."
ADP,AUTOMATIC DATA PROCESSING,True,"AUTOMATIC DATA PROCESSING, INC."
AZO,AUTOZONE,True,"AUTOZONE, INC."
AVY,Avery Dennison,True,AVERY DENNISON CORPORATION
AXON,AXON ENTERPRISE,True,"AXON ENTERPRISE, INC."
BKR,Baker Hughes,True,BAKER HUGHES ENERGY SERVICES LLC
BALL,BALL,True,BALL STATE UNIVERSITY
BAC,BANK OF AMERICA,True,"BANK OF AMERICA, NATIONAL ASSOCIATION"
BAX,BAXTER INTERNATIONAL,True,BAXTER INTERNATIONAL INC.
BDX,BECTON DICKINSON &,True,BECTON DICKINSON SA
BRK.B,Berkshire Hathaway,True,"ABRAHAM BAGHBODORIAN , REALTOR/ BERKSHIRE HATHAWAY HOMESERVICES CA PROPERTIES"
BBY,BEST BUY,True,BEST BUY CARPET & TILE INC.
TECH,BIO-TECHNE,True,BIO-TECHNE CORPORATION
BIIB,BIOGEN,True,BIOGEN IDEC INC.
BLK,BlackRock,True,BLACKROCK AUTOMATION INC.
BX,Blackstone,True,BLACKSTONE ADVANCED TECHNOLOGIES LLC
XYZ,Block,True,BLOCK ENGINEERING LLC
BNY,Bank of New York Mellon,True,THE BANK OF NEW YORK MELLON CORPORATION
BA,BOEING,True,THE BOEING COMPANY
BKNG,Booking,True,CONCRETE BOOKING AGENCY INC
BSX,BOSTON SCIENTIFIC,True,BOSTON SCIENTIFIC CORP
BMY,BRISTOL MYERS SQUIBB,True,BRISTOL-MYERS SQUIBB COMPANY
AVGO,Broadcom,True,BROADCOM GOVERNMENT SOLUTIONS LLC
BR,BROADRIDGE FINANCIAL SOLUTIONS,True,"BROADRIDGE FINANCIAL SOLUTIONS, INC."
BRO,BROWN & BROWN,True,BROWN FARMS
BF.B,Brown–Forman,True,"BROWN PRUITT WAMBSGANSS DEAN FORMAN & MOORE, P.C."
BLDR,Builders FirstSource,True,"BUILDERS FIRSTSOURCE - ATLANTIC GROUP, LLC"
BG,Bunge Global SA,False,
BXP,BXP,True,"BXP, INC."
CHRW,C. H. ROBINSON WORLDWIDE,False,
CDNS,CADENCE DESIGN SYSTEMS,True,CADENCE DESIGN SYSTEMS INC
CPT,CAMDEN PROPERTY TRUST,False,
COF,CAPITAL ONE FINANCIAL,True,CAPITAL ONE FINANCIAL CORPORATION
CAH,CARDINAL HEALTH,True,"CARDINAL HEALTH, INC."
CCL,Carnival,True,CARNIVAL CORPORATION
CARR,CARRIER GLOBAL,True,CARRIER GLOBAL CORPORATION
CVNA,CARVANA,True,ANDRE CARVANA
CASY,CASEYS GENERAL STORES,True,CASEYS GENERAL STORES INC
CAT,CATERPILLAR,True,CATERPILLAR INC.
CBOE,Cboe Global Markets,False,
CBRE,CBRE,True,CBRE INC
CDW,CDW,True,CDW GOVERNMENT LLC
COR,Cencora,True,"CENCORA, INC."
CNC,CENTENE,True,CENTENE CORPORATION
CNP,CENTERPOINT ENERGY,True,CENTERPOINT ENERGY RESOURCES CORP.
CF,CF Industries,True,CF INDUSTRIES NITROGEN LLC
CRL,CHARLES RIVER LABORATORIES INTERNATIONAL,True,"CHARLES RIVER LABORATORIES INTERNATIONAL, INC."
SCHW,SCHWAB CHARLES,True,"CHARLES SCHWAB & CO., INC"
CHTR,CHARTER COMMUNICATIONS,True,"CHARTER COMMUNICATIONS OPERATING, LLC"
CVX,CHEVRON,True,CHEVRON
CMG,CHIPOTLE MEXICAN GRILL,False,
CB,Chubb,True,CHUBB FIRE & SECURITY (CA) INC
CHD,CHURCH & DWIGHT,True,"CHURCH & DWIGHT CO., INC."
CIEN,CIENA,True,CIENA CORP
CI,Cigna,True,CIGNA LIFE INSURANCE COMPANY OF EUROPE SA NV SUCURSAL EN ESPANA
CINF,CINCINNATI FINANCIAL,True,"COBIA FINANCIAL SERVICES, LLC DBA CINCINNATI TAX SERVICE"
CTAS,CINTAS,True,CINTAS CORPORATION
CSCO,CISCO SYSTEMS,True,CISCO SYSTEMS INC
C,CITIGROUP,True,CITIGROUP INC.
CFG,CITIZENS FINANCIAL,True,CITIZENS FINANCIAL GROUP INC.
CLX,CLOROX,True,CLOROX CO
CME,CME,True,CME LANDSCAPE CORP
CMS,CMS ENERGY,True,"ALICITY CLEAN ENERGY, LLC DBA ALICITY CMS"
KO,COCA COLA,True,"COCA-COLA REFRESHMENTS USA, INC."
CTSH,COGNIZANT TECHNOLOGY SOLUTIONS,True,COGNIZANT TECHNOLOGY SOLUTIONS CORP
COHR,COHERENT,True,APPLIED COHERENT TECHNOLOGY CORPORATION
COIN,Coinbase Global,True,COINBASE GLOBAL  INC
CL,COLGATE PALMOLIVE,True,COLGATE-PALMOLIVE COMPANY
CMCSA,COMCAST,True,"COMCAST CABLE COMMUNICATIONS, LLC"
FIX,COMFORT SYSTEMS USA,True,"COMFORT SYSTEMS USA SHOFFNER, INC."
COP,CONOCOPHILLIPS,True,CONOCOPHILLIPS
ED,CONSOLIDATED EDISON,True,CONSOLIDATED EDISON COMPANY OF
STZ,CONSTELLATION BRANDS,True,CONSTELLATION BRANDS VENTURES
CEG,Constellation Energy,True,CONSTELLATION ENERGY CORP
COO,COOPER COMPANIES,True,COOPER COMPANIES INC
CPRT,COPART,True,COPART CAR SALES
GLW,CORNING,True,CITY OF CORNING
CPAY,CORPAY,True,"CORPAY, INC"
CTVA,Corteva,True,CORTEVA AGRISCIENCE LLC
CSGP,COSTAR,True,"COSTAR GROUP, INC."
COST,COSTCO WHOLESALE,True,COSTCO WHOLESALE CORPORATION
CRH,CRH PUBLIC,True,CRH PUBLIC LIMITED COMPANY
CRWD,CrowdStrike,True,CROWDSTRIKE INC
CCI,CROWN CASTLE,True,CROWN CASTLE FIBER LLC
CSX,CSX,True,"CSX TRS, LLC"
CMI,CUMMINS,True,CUMMINS INC.
CVS,CVS HEALTH,True,CVS HEALTH CORPORATION
DHR,DANAHER,True,DANAHER CORPORATION
DRI,DARDEN RESTAURANTS,True,DARDEN RESTAURANTS INC.
DDOG,Datadog,True,"DATADOG, INC."
DVA,DAVITA,True,DAVITA INC
DECK,DECKERS OUTDOOR,False,
DE,DEERE &,True,DEERE & COMPANY
DELL,Dell Technologies,True,"DELL-STAR TECHNOLOGIES, INC"
DAL,DELTA AIR LINES,True,"DELTA AIR LINES, INC."
DVN,DEVON ENERGY,False,
DXCM,DEXCOM,True,"DEXCOM, INC."
FANG,Diamondback Energy,True,DIAMONDBACK ENERGY  INC
DLR,DIGITAL REALTY TRUST,True,"DIGITAL REALTY TRUST, INC"
DG,DOLLAR GENERAL,True,"BILLY G. DOLLAR GENERAL CONSTRUCTION, LLC"
DLTR,DOLLAR TREE,True,DOLLAR TREE CENTER
D,DOMINION ENERGY,True,"DOMINION ENERGY, INC."
DPZ,DOMINOS PIZZA,True,DOMINOS PIZZA
DASH,DoorDash,True,ABAYRETA DBA DOORDASH
DOV,DOVER,True,CITY OF DOVER
DOW,DOW,True,"DOW GAGE, LLC"
DHI,HORTON D R,True,D R HORTON TREE SERVICE INC
DTE,DTE ENERGY,True,DTE ENERGY COMPANY
DUK,Duke Energy,True,DUKE ENERGY CORPORATION
DD,DuPont de Nemours,True,"DUPONT DE NEMOURS, INC."
ETN,Eaton,True,EATON CORPORATION
EBAY,EBAY,True,EBAY INC.
ECHO,EchoStar,True,ECHOSTAR CONSTRUCTION INC
ECL,ECOLAB,True,ECOLAB INC
EIX,EDISON INTERNATIONAL,True,EDISON INTERNATIONAL
EW,Edwards Lifesciences,True,EDWARDS LIFESCIENCES LLC
ELV,Elevance Health,True,"ELEVANCE HEALTH, INC."
EME,EMCOR,True,EMCOR ENCLOSURES LLC
EMR,EMERSON ELECTRIC,True,EMERSON ELECTRIC CO
ETR,ENTERGY,True,ENTERGY
EOG,EOG RESOURCES,False,
EQT,EQT,True,"EQT ENERGY, LLC"
EFX,EQUIFAX,True,EQUIFAX INC
EQIX,EQUINIX,True,EQUINIX GOVERNMENT SOLUTIONS LLC
ERIE,ERIE INDEMNITY,False,
ESS,ESSEX PROPERTY TRUST,False,
EL,ESTEE LAUDER COMPANIES,False,
EG,EVEREST,True,D.C. EVEREST AREA SCHOOL DISTRICT
EVRG,Evergy,True,EVERGY KANSAS CENTRAL INC
ES,EVERSOURCE ENERGY,True,EVERSOURCE ENERGY SERVICE COMPANY
EXC,EXELON,True,EXELON BUSINESS SERVICES COMPANY
EXE,EXPAND ENERGY,False,
EXPE,Expedia,True,EXPEDIA POWER INC
EXPD,EXPEDITORS INTERNATIONAL OF WASHINGTON,True,"EXPEDITORS INTERNATIONAL OF WASHINGTON, INC."
EXR,Extra Space Storage,True,EXTRA SPACE STORAGE INC.
XOM,ExxonMobil,True,EXXONMOBIL OIL CORPORATION
FFIV,F5,True,ASMARA F5 INDUSTRIAL LTD
FDS,FACTSET RESEARCH SYSTEMS,True,FACTSET RESEARCH SYSTEMS INC.
FICO,FAIR ISAAC,True,FAIR ISAAC CORPORATION
FAST,FASTENAL,True,FASTENAL COMPANY
FRT,FEDERAL REALTY INVESTMENT TRUST,True,FEDERAL REALTY INVESTMENT TRUST
FDX,FEDEX,True,FEDEX EXPRESS
FDXF,FedEx Freight,True,"FEDEX FREIGHT EAST, INC"
FERG,Ferguson Enterprises,True,"FERGUSON ENTERPRISES, INC."
FIS,Fidelity National Information Services,True,"FIDELITY NATIONAL INFORMATION SERVICES, INC."
FITB,FIFTH THIRD BANCORP,True,FIFTH THIRD BANCORP
FSLR,FIRST SOLAR,True,"FIRST SOLAR DEVELOPMENT, LLC"
FE,FIRSTENERGY,True,FIRSTENERGY CORP
FISV,FISERV,True,"FISERV FEDERAL SYSTEMS, INC."
FLEX,FLEX,True,Q-FLEX INC
F,FORD MOTOR,True,FORD MOTOR COMPANY
FTNT,Fortinet,True,"FORTINET, INC"
FTV,Fortive,True,FORTIVE CORPORATION
FOXA,Fox,True,FOX FARMS
FOX,Fox,True,FOX FARMS
BEN,FRANKLIN TEMPLETON,True,FRANKLIN TEMPLETON INVESTOR SERVICES LLC
FCX,FREEPORT-MCMORAN,True,FREEPORT-MCMORAN COPPER & GOLD INC
GRMN,GARMIN,True,"GARMIN INTERNATIONAL, INC."
IT,GARTNER,True,"GARTNER, INC."
GE,GENERAL ELECTRIC,True,GENERAL ELECTRIC COMPANY
GEHC,GE HealthCare Technologies,True,CHANGE HEALTHCARE TECHNOLOGIES  LLC
GEV,GE Vernova,True,GE VERNOVA OPERATIONS LLC
GEN,Gen Digital,True,"NEXGEN DIGITAL, INC."
GNRC,GENERAC,True,"GENERAC POWER SYSTEMS, INC."
GD,GENERAL DYNAMICS,True,"GENERAL DYNAMICS INFORMATION TECHNOLOGY, INC."
GIS,GENERAL MILLS,True,MILLS GENERAL LLC
GM,General Motors,True,GENERAL MOTORS LLC
GPC,GENUINE PARTS,True,GENUINE PARTS COMPANY
GILD,GILEAD SCIENCES,True,GILEAD SCIENCES INC
GPN,GLOBAL PAYMENTS,True,"GLOBAL PAYMENTS EXPERTS, LLC"
GL,GLOBE LIFE,True,BRANDON STEVEN JONES DBA GLOBE LIFE - LIBERTY NATIONAL DIVISION
GDDY,GoDaddy,True,SALES LIFE/HEALTH/ SUPPLEMENTAL INSURANCE SALES. AFLAC/ PRIMERICA/ SALES GODADDY
GS,GOLDMAN SACHS,True,THE GOLDMAN SACHS GROUP INC
HAL,HALLIBURTON,True,HALLIBURTON
HIG,HARTFORD INSURANCE,True,HARTFORD INSURANCE COMPANY OF THE MIDWEST
HAS,HASBRO,False,
HCA,HCA Healthcare,True,"DEWEESE & ASSOCIATES, LLC DBA HEALTHCARE ADVISORS INSURANCE GR HCA"
DOC,HEALTHPEAK PROPERTIES,False,
HSIC,HENRY SCHEIN,True,"HENRY SCHEIN, INC."
HSY,HERSHEY,True,BENJAMIN HERSHEY MEMORIAL CONVALESCENT HOME
HPE,Hewlett Packard Enterprise,True,HEWLETT PACKARD ENTERPRISE COMPANY
HLT,Hilton Worldwide,True,"HILTON WORLDWIDE, INC."
HD,HOME DEPOT,True,"HOME DEPOT U.S.A., INC."
HONA,Honeywell Aerospace,True,HONEYWELL AEROSPACE YEOVIL
HON,HONEYWELL INTERNATIONAL,True,HONEYWELL INTERNATIONAL INC.
HRL,HORMEL FOODS,True,HORMEL FOODS CORPORATION
HST,HOST HOTELS & RESORTS,True,"HOST HOTELS & RESORTS, L.P."
HWM,Howmet Aerospace,True,HOWMET AEROSPACE INC.
HPQ,HP,False,
HUBB,HUBBELL,True,ACKERLY & HUBBELL APPRAISAL CORP.
HUM,HUMANA,True,HUMANA GOVERNMENT BUSINESS INC
HBAN,HUNTINGTON BANCSHARES,True,HUNTINGTON BANCSHARES INCORPORATED
HII,HUNTINGTON INGALLS INDUSTRIES,True,"HUNTINGTON INGALLS INDUSTRIES, INC"
IBM,INTERNATIONAL BUSINESS MACHINES,True,INTERNATIONAL BUSINESS MACHINES CORPORATION
IEX,IDEX,True,IDEX HEALTH & SCIENCE LLC
IDXX,IDEXX LABORATORIES,True,"IDEXX REFERENCE LABORATORIES, INC."
ITW,ILLINOIS TOOL WORKS,True,ILLINOIS TOOL WORKS INC.
INCY,INCYTE,True,INCYTE CORPORATION
IR,Ingersoll Rand,True,INGERSOLL-RAND COMPANY
PODD,INSULET,True,INSULET CORPORATION
INTC,INTEL,True,INTEL CORPORATION
IBKR,Interactive Brokers,False,
ICE,Intercontinental Exchange,False,
IFF,INTERNATIONAL FLAVORS & FRAGRANCES,False,
IP,INTERNATIONAL PAPER,True,INTERNATIONAL PAPER COMPANY
INTU,INTUIT,True,INTUIT INC.
ISRG,INTUITIVE SURGICAL,True,INTUITIVE SURGICAL INC
IVZ,Invesco,True,INVESCO TRUST COMPANY
INVH,Invitation Homes,True,INVITATION HOMES
IQV,IQVIA,True,IQVIA LABORATORIES LLC
IRM,IRON MOUNTAIN,True,"IRON MOUNTAIN INFORMATION MANAGEMENT, INC."
JBHT,HUNT J B TRANSPORT SERVICES,True,"J. B. HUNT TRANSPORT SERVICES, INC."
JBL,JABIL,True,JABIL DEFENSE & AEROSPACE SERVICES LLC
JKHY,JACK HENRY & ASSOCIATES,True,"JACK HENRY & ASSOCIATES, INC."
J,JACOBS SOLUTIONS,True,JACOBS CONSTRUCTION SOLUTIONS
JNJ,JOHNSON & JOHNSON,True,JOHNSON CONTROLS FIRE PROTECTION LP
JCI,Johnson Controls International,True,JOHNSON CONTROLS INTERNATIONAL PUBLIC LIMITED COMPANY
JPM,JPMORGAN CHASE &,True,"JPMORGAN CHASE BANK, NATIONAL ASSOCIATION"
KVUE,Kenvue,False,
KDP,Keurig Dr Pepper,True,KEURIG DR PEPPER INC.
KEY,KEYCORP,True,"KEYCORP REAL ESTATE CAPITAL MARKETS, INC."
KEYS,Keysight Technologies,True,"KEYSIGHT TECHNOLOGIES, INC."
KMB,KIMBERLY CLARK,True,KIMBERLY-CLARK CORPORATION
KIM,KIMCO REALTY,False,
KMI,KINDER MORGAN,True,KINDER MORGAN ENERGY PARTNERS L P
KKR,KKR &,True,KKR & CO. INC.
KLAC,KLA,False,
KHC,Kraft Heinz,True,KRAFT HEINZ FOODS COMPANY
KR,KROGER,True,KROGER CO
LHX,L3HARRIS TECHNOLOGIES,True,"L3HARRIS TECHNOLOGIES, INC."
LH,LABCORP,True,LABCORP EARLY DEVELOPMENT LABORATORIES INC
LRCX,LAM RESEARCH,True,LAM RESEARCH CORPORATION
LVS,LAS VEGAS SANDS,True,LAS VEGAS SANDS CORP.
LDOS,Leidos,True,"LEIDOS, INC."
LEN,LENNAR,True,JACOBS-LENNAR JOINT VENTURE
LII,LENNOX INTERNATIONAL,True,LENNOX INTERNATIONAL INC.
LLY,ELI LILLY &,True,ELI LILLY AND COMPANY
LIN,LINDE,True,LINDE GAS USA LLC
LYV,Live Nation Entertainment,True,"LIVE NATION ENTERTAINMENT, INC."
LMT,LOCKHEED MARTIN,True,LOCKHEED MARTIN CORPORATION
L,LOEWS,True,LOEWS CORPORATION
LOW,LOWES COMPANIES,True,LOWES COMPANIES INC
LULU,lululemon athletica,False,
LITE,Lumentum,True,LUMENTUM OPERATIONS LLC
LYB,LyondellBasell Industries N.V.,True,LYONDELLBASELL INDUSTRIES N.V.
MTB,M&T BANK,True,M&T BANK CORPORATION
MPC,Marathon Petroleum,True,MARATHON PETROLEUM COMPANY LP
MAR,MARRIOTT INTERNATIONAL,True,"MARRIOTT INTERNATIONAL, INC."
MRSH,MARSH & MCLENNAN COMPANIES,True,MARSH & MCLENNAN COMPANIES INC
MLM,MARTIN MARIETTA MATERIALS,True,"MARTIN MARIETTA MATERIALS, INC."
MRVL,Marvell Technology,False,
MAS,MASCO,True,MASCO ENTERTAINMENT LLC
MA,Mastercard,True,HDFC-MASTERCARD W-GDP LOAN PORTFOLIO GUARANTY
MKC,MCCORMICK &,True,MCCORMICK FARMS INC
MCD,MCDONALDS,True,MCDONALDS CROWN APARTMENTS LC
MCK,MCKESSON,True,MCKESSON CORPORATION
MDT,Medtronic,True,MEDTRONIC USA INC
MRK,Merck &,True,"MERCK & CO., INC."
META,Meta Platforms,True,"META PLATFORMS, INC"
MET,METLIFE,True,METLIFE A.E.A.Z.
MTD,METTLER TOLEDO INTERNATIONAL INC/,True,METTLER-TOLEDO INTERNATIONAL INC.
MGM,MGM Resorts International,True,MGM RESORTS INTERNATIONAL
MCHP,MICROCHIP TECHNOLOGY,True,MICROCHIP TECHNOLOGY INC
MU,MICRON TECHNOLOGY,True,"CRUCIAL TECHNOLOGY, DIV. OF MICRON SEMICONDUCTOR PRODUCTS"
MSFT,MICROSOFT,True,MICROSOFT CORPORATION
MAA,MID AMERICA APARTMENT COMMUNITIES,False,
MRNA,Moderna,True,CASA MODERNA INC
TAP,MOLSON COORS BEVERAGE,False,
MDLZ,Mondelez International,False,
MPWR,MONOLITHIC POWER SYSTEMS,False,
MNST,Monster Beverage,False,
MCO,MOODYS,True,MOODYS AUTO BODY DESIGN INC
MS,MORGAN STANLEY,True,MORGAN STANLEY
MOS,MOSAIC,True,DEPAOLI MOSAIC COMPANY
MSI,Motorola Solutions,True,"MOTOROLA SOLUTIONS, INC."
MSCI,MSCI,True,"MSCI 2007-IQ13 WOODLAND PARK, LLC"
NDAQ,NASDAQ,True,"NASDAQ OMX CORPORATE SOLUTIONS, LLC"
NTAP,NetApp,True,"NETAPP U.S. PUBLIC SECTOR, INC."
NFLX,NETFLIX,False,
NEM,NEWMONT,True,NEWMONT BROADCASTING CORPORATION
NWSA,NEWS,True,CITY OF NEWPORT NEWS
NWS,NEWS,True,CITY OF NEWPORT NEWS
NEE,NEXTERA ENERGY,True,"NEXTERA ENERGY SERVICES CONNECTICUT, LLC"
NKE,NIKE,True,"NIKE, INC."
NI,NISOURCE,True,NISOURCE INC.
NDSN,NORDSON,True,NORDSON CORP
NSC,NORFOLK SOUTHERN,True,NORFOLK SOUTHERN CORP
NTRS,NORTHERN TRUST,True,NORTHERN PRAIRIES LAND TRUST
NOC,NORTHROP GRUMMAN,True,NORTHROP GRUMMAN SYSTEMS CORPORATION
NCLH,Norwegian Cruise Line,True,NORWEGIAN CRUISE LINE HOLDINGS LTD.
NRG,NRG ENERGY,True,"NRG ENERGY, INC"
NUE,NUCOR,True,NUCOR CORP
NVDA,NVIDIA,True,NVIDIA CORP
NVR,NVR,True,NVR AND SHREYA CORPORATION
NXPI,NXP Semiconductors N.V.,True,NXP SEMICONDUCTORS N.V.
ORLY,O REILLY AUTOMOTIVE,True,O REILLY AUTOMOTIVE INC
OXY,OCCIDENTAL PETROLEUM,True,OCCIDENTAL PETROLEUM CORPORATION
ODFL,OLD DOMINION FREIGHT LINE,True,"OLD DOMINION FREIGHT LINE, INC."
OMC,OMNICOM,True,OMNICOM GROUP INC.
ON,ON SEMICONDUCTOR,True,MICRON SEMICONDUCTOR LIMITED
OKE,ONEOK,True,"ONEOK, INC."
ORCL,ORACLE,True,ORACLE CORPORATION
OTIS,Otis Worldwide,True,OTIS WORLDWIDE CORPORATION
PCAR,PACCAR,True,PACCAR INC
PKG,PACKAGING CORP OF AMERICA,False,
PLTR,Palantir Technologies,True,PALANTIR TECHNOLOGIES INC.
PANW,Palo Alto Networks,True,"PALO ALTO NETWORKS, INC"
PSKY,Paramount Skydance,False,
PH,Parker-Hannifin,True,PARKER-HANNIFIN CORPORATION
PAYX,PAYCHEX,False,
PYPL,PayPal,True,BELOVED SWEET CREATIONS/ PAYPAL BUSINESS
PNR,PENTAIR,True,"PENTAIR PUMP GROUP, INC."
PEP,PEPSICO,True,"PEPSICO, INC."
PFE,PFIZER,True,PFIZER INC.
PCG,PG&E,True,"PG & E, LLC"
PM,Philip Morris International,False,
PSX,Phillips 66,True,PHILLIPS 66
PNW,PINNACLE WEST CAPITAL,True,PINNACLE WEST CAPITAL CORPORATION
PNC,PNC FINANCIAL SERVICES,True,"THE PNC FINANCIAL SERVICES GROUP, INC."
PPG,PPG INDUSTRIES,True,"PPG INDUSTRIES, INC."
PPL,PPL,False,
PFG,PRINCIPAL FINANCIAL,True,BRIAN CLARK PRINCIPAL FINANCIAL REGISTERED REP
PG,PROCTER & GAMBLE,True,"PROCTER & GAMBLE COMPANY, THE"
PGR,PROGRESSIVE,True,PROGRESSIVE RECOVERY INC
PLD,Prologis,True,PROLOGIS
PRU,PRUDENTIAL FINANCIAL,True,"PRUDENTIAL FINANCIAL, INC."
PEG,PUBLIC SERVICE ENTERPRISE,True,PUBLIC SERVICE ENTERPRISE GROUP INCORPORATED
PTC,PTC,True,PTC INC.
PSA,Public Storage,True,PUBLIC STORAGE
PHM,PULTEGROUP,False,
PWR,QUANTA SERVICES,True,"QUANTA SERVICES, INC."
QCOM,QUALCOMM,True,QUALCOMM INTELLIGENT SOLUTIONS INC
DGX,QUEST DIAGNOSTICS,True,QUEST DIAGNOSTICS INCORPORATED
Q,Qnity Electronics,False,
RL,RALPH LAUREN,True,EXCLUSIVE FOR RALPH LAUREN
RJF,RAYMOND JAMES FINANCIAL,True,"GREG CUNNINGHAM, RAYMOND JAMES FINANCIAL SERVICES"
RDDT,Reddit,False,
RTX,RTX,True,RTX CORPORATION
O,REALTY INCOME,True,UNIVERSAL HEALTH REALTY INCOME TRUST
REG,REGENCY CENTERS,False,
REGN,REGENERON PHARMACEUTICALS,True,REGENERON PHARMACEUTICALS INC
RF,REGIONS FINANCIAL,True,REGIONS FINANCIAL CORPORATION
RSG,REPUBLIC SERVICES,True,"REPUBLIC SERVICES, INC."
RMD,RESMED,True,RESMED INC.
RVTY,REVVITY,True,REVVITY DISCOVERY LIMITED
HOOD,Robinhood Markets,False,
ROK,ROCKWELL AUTOMATION,True,"ROCKWELL AUTOMATION, INC."
ROL,ROLLINS,True,"ALBERT ROLLINS CONTRACTING, INC."
ROP,ROPER TECHNOLOGIES,True,"ROPER TECHNOLOGIES, INC."
ROST,ROSS STORES,False,
RCL,ROYAL CARIBBEAN CRUISES,True,ROYAL CARIBBEAN CRUISES LTD.
SPGI,S&P Global,False,
CRM,Salesforce,True,SALESFORCE COM
SNDK,Sandisk,False,
SBAC,SBA COMMUNICATIONS,True,SBA COMMUNICATIONS CORPORATION
SLB,SLB,True,"DUNEDIN SLB, LLC"
STX,Seagate Technology,True,SEAGATE TECHNOLOGY LLC
SRE,SEMPRA,True,SEMPRA ENERGY SOLUTIONS INCORPORATED
NOW,ServiceNow,True,"SERVICENOW, INC."
SHW,SHERWIN WILLIAMS,True,THE SHERWIN-WILLIAMS COMPANY
SPG,SIMON PROPERTY,True,"SIMON PROPERTY GROUP, L.P."
SWKS,SKYWORKS SOLUTIONS,True,"SKYWORKS SOLUTIONS, INC."
SJM,J M SMUCKER,True,THE J. M. SMUCKER COMPANY
SW,Smurfit Westrock,False,
SNA,Snap-on,True,SNAP-ON INCORPORATED
SOLV,Solventum,True,SOLVENTUM US LLC
SO,SOUTHERN,True,"SOUTHERN ELECTRIC SUPPLY COMPANY, INC."
LUV,SOUTHWEST AIRLINES,True,SOUTHWEST AIRLINES CO.
SWK,STANLEY BLACK & DECKER,True,"STANLEY BLACK & DECKER, INC."
SBUX,STARBUCKS,True,STARBUCKS CORP
STT,STATE STREET,True,54 STATE STREET LLC
STLD,STEEL DYNAMICS,True,WORLD STEEL DYNAMICS INC.
STE,STERIS,True,STERIS CORPORATION
SYK,STRYKER,True,"STRYKER SALES, LLC"
SMCI,Super Micro Computer,True,"SUPER MICRO COMPUTER, INC."
SYF,Synchrony Financial,False,
SNPS,SYNOPSYS,True,"SYNOPSYS, INC."
SYY,SYSCO,True,"SYSCO USA I, INC"
TMUS,T-Mobile US,True,"T-MOBILE USA, INC."
TROW,PRICE T ROWE,False,
TTWO,TAKE TWO INTERACTIVE SOFTWARE,False,
TPR,TAPESTRY,True,TAPESTRY (PARTNERS) LIMITED
TRGP,Targa Resources,False,
TGT,TARGET,True,911 TARGET AND MEDICAL CONCEPTS PLLC
TEL,TE Connectivity,True,TE CONNECTIVITY CORPORATION
TDY,TELEDYNE TECHNOLOGIES,True,TELEDYNE TECHNOLOGIES INCORPORATED
TER,TERADYNE,True,"TERADYNE, INC"
TSLA,Tesla,True,TESLA LABORATORIES INC.
TXN,TEXAS INSTRUMENTS,True,TEXAS INSTRUMENTS INCORPORATED
TPL,Texas Pacific Land,False,
TXT,TEXTRON,True,TEXTRON SYSTEMS CORP
TMO,THERMO FISHER SCIENTIFIC,True,THERMO FISHER SCIENTIFIC INC.
TJX,TJX COMPANIES,False,
TKO,TKO,False,
TTD,Trade Desk,True,VISION TRADE DESK LLC
TSCO,TRACTOR SUPPLY,True,STEVENSON SUPPLY & TRACTOR CO
TT,Trane Technologies,True,TRANE TECHNOLOGIES PERU S.A.C.
TDG,TransDigm,True,TRANSDIGM INC
TRV,TRAVELERS COMPANIES,True,"ST PAUL TRAVELERS COMPANIES INC, THE"
TRMB,TRIMBLE,True,COUNTY OF TRIMBLE
TFC,TRUIST FINANCIAL,True,TRUIST FINANCIAL CORPORATION
TYL,TYLER TECHNOLOGIES,True,"TYLER TECHNOLOGIES, INC."
TSN,TYSON FOODS,True,TYSON FOODS INC.
USB,US BANCORP DE,False,
UBER,Uber Technologies,True,1099 FROM UBER TECHNOLOGIES
UDR,UDR,False,
ULTA,Ulta Beauty,True,ULTA BEAUTY INC
UNP,UNION PACIFIC,True,PACIFIC UNION COLLEGE
UAL,United Airlines,True,"UNITED AIRLINES, INC."
UPS,UNITED PARCEL SERVICE,True,"UNITED PARCEL SERVICE, INC."
URI,UNITED RENTALS,True,"UNITED RENTALS (NORTH AMERICA), INC."
UNH,UNITEDHEALTH,True,UNITEDHEALTH GROUP INCORPORATED
UHS,UNIVERSAL HEALTH SERVICES,True,"UNIVERSAL HEALTH CARE AND PROFESSIONAL SERVICES, LLC"
VLO,VALERO ENERGY,True,VALERO ENERGY CORPORATION
VEEV,VEEVA SYSTEMS,False,
VTR,Ventas,True,MULTI-VENTAS Y SERVICIOS PR INC
VLTO,Veralto,False,
VRSN,VERISIGN,True,VERISIGN INC
VRSK,Verisk Analytics,True,"VERISK ANALYTICS, INC."
VZ,VERIZON COMMUNICATIONS,True,VERIZON COMMUNICATIONS INC.
VRTX,VERTEX PHARMACEUTICALS INC / MA,False,
VRT,Vertiv,True,VERTIV ENERGY SYSTEMS  INC.
VTRS,Viatris,True,VIATRIS INC.
VICI,VICI PROPERTIES,False,
V,VISA,True,"ATLAS VISA SERVICES, INC."
VST,Vistra,True,"VISTRA COMMUNICATIONS, LLC"
VMRK,VIVMARK RESIDENTIAL,False,
VMC,Vulcan Materials,True,VULCAN MATERIALS COMPANY
WRB,BERKLEY W R,True,W. R. BERKLEY CORPORATION
GWW,W.W. GRAINGER,True,"W.W. GRAINGER, INC."
WAB,WESTINGHOUSE AIR BRAKE TECHNOLOGIES,True,WESTINGHOUSE AIR BRAKE TECHNOLOGIES CORP
WMT,Walmart,True,ANTIOCH WALMART COFFEE INC
DIS,Walt Disney,True,THE WALT DISNEY COMPANY
WBD,Warner Bros. Discovery,False,
WM,WASTE MANAGEMENT,True,"WASTE MANAGEMENT OF PENNSYLVANIA, INC."
WAT,WATERS,True,"DS WATERS OF AMERICA, INC."
WEC,WEC ENERGY,True,"WEC ENERGY GROUP, INC"
WFC,WELLS FARGO &,True,"WELLS FARGO BANK, N.A."
WELL,WELLTOWER,True,WELLTOWER INC.
WST,WEST PHARMACEUTICAL SERVICES,True,"WEST PHARMACEUTICAL SERVICES, INC."
WDC,WESTERN DIGITAL,True,WESTERN DIGITAL TECHNOLOGIES  INC.
WY,WEYERHAEUSER,True,WEYERHAEUSER COMPANY
WSM,WILLIAMS SONOMA,True,"WILLIAMS-SONOMA, INC"
WMB,WILLIAMS COMPANIES,True,C.L. WILLIAMS & COMPANIES LLC
WTW,WILLIS TOWERS WATSON,True,WILLIS TOWERS WATSON US LLC
WDAY,Workday,True,"ADAPTIVE INSIGHTS LLC , A WORKDAY COMPANY"
WYNN,WYNN RESORTS,False,
XEL,XCEL ENERGY,True,XCEL ENERGY SERVICES INC.
XYL,Xylem,True,XYLEM INC
YUM,YUM BRANDS,True,"WHOLESOME YUM BRANDS, LLC"
ZBRA,ZEBRA TECHNOLOGIES,True,ZEBRA TECHNOLOGIES CORPORATION
ZBH,ZIMMER BIOMET,True,"ZIMMER BIOMET HOLDINGS, INC."
ZTS,Zoetis,True,ZOETIS INC.
