case_number,year,name,cik,match,n_defendants,penalty_usd,share_usd
HQ-2020-0001,2024,"Cummins, Inc.",0000026172,name,1,1675000000.0,1675000000.0
04-2010-9036,2016,ANADARKO PETROLEUM CORPORATION,0000797468,subsidiary,10,3367250000.0,336725000.0
06-2011-4881,2016,Anadarko Petroleum Corporation,0000797468,subsidiary,10,3362250000.0,336225000.0
08-2017-0088,2024,Marathon Oil Company,0001163165,subsidiary,1,64500000.0,64500000.0
01-2018-7009,2021,The Home Depot,0000354950,name,1,9609000.0,9609000.0
06-2022-0942,2022,"United Parcel Service, Inc.",0001090727,name,1,5300000.0,5300000.0
06-2021-0906,2021,United Parcel Service,0001090727,name,1,3800000.0,3800000.0
08-2020-0070,2022,DCP Midstream,0001534701,subsidiary,1,3250000.0,3250000.0
02-2024-1215,2024,"AES Puerto Rico, L.P.",0000874761,subsidiary,1,3125000.0,3125000.0
EF-2018-0006,2020,Valero Energy Corporation,0001035002,name,1,2850000.0,2850000.0
08-2012-0001,2016,Tesoro,0001510295,subsidiary,1,2683333.33,2683333.33
06-2018-3402,2022,Packaging Corporation of America,0000075677,name,1,2500000.0,2500000.0
09-2016-3511,2019,Chevron,0000093410,name,1,1930300.0,1930300.0
06-2025-3308,2024,"DCP Operating Company, LP",0001534701,subsidiary,1,1900000.0,1900000.0
07-2022-3395,2021,EQUISTAR CHEMICALS,0001489393,subsidiary,2,3400000.0,1700000.0
07-2019-0252,2021,BNSF Railway Company,0001067983,subsidiary,1,1513750.0,1513750.0
06-2014-3400,2021,Union Carbide Corp,0001751788,subsidiary,2,3000000.0,1500000.0
06-2018-0903,2017,Anadarko Petroleum,0000797468,subsidiary,1,1383164.0,1383164.0
08-2016-0115,2018,PDC ENERGY INC,0000093410,subsidiary,1,1250000.0,1250000.0
EF-2017-0003,2017,"Morgan Stanley Capital Group, Inc.",0000895421,subsidiary,1,1119000.0,1119000.0
08-2013-0039,2019,EXXONMOBIL,0002115436,name,1,1050000.0,1050000.0
02-2017-0002,2024,"Allied Waste Niagara Falls Landfill, LLC",0001060391,subsidiary,1,671000.0,671000.0
08-2015-0045,2016,BNSF RAILWAY COMPANY,0001067983,subsidiary,1,600000.0,600000.0
08-2018-0099,2021,Stericycle,0000823768,subsidiary,1,600000.0,600000.0
04-2022-0208,2022,INTERNATIONAL PAPER COMPANY,0000051434,name,1,587300.0,587300.0
04-2010-9029,2020,"CF INDUSTRIES, INC.",0001324404,name,1,550000.0,550000.0
06-2018-0935,2018,The Dow Chemical Company,0001751788,subsidiary,1,500000.0,500000.0
08-2019-0049,2019,QEP ENERGY COMPANY,0001539838,subsidiary,1,500000.0,500000.0
09-2016-3505,2016,Titanium Metals Corp.,0001067983,subsidiary,1,500000.0,500000.0
06-2022-3300,2022,Occidental Chemical Corporation,0000797468,subsidiary,1,500000.0,500000.0
06-2025-3306,2025,International Paper Company,0000051434,name,1,500000.0,500000.0
06-2024-3354,2024,ConocoPhillips,0001163165,name,1,490000.0,490000.0
05-2015-5069,2021,STEEL DYNAMICS,0001022671,name,1,475000.0,475000.0
05-2012-5016,2019,CONOCOPHILLIPS COMPANY,0001163165,name,1,475000.0,475000.0
06-2023-3408,2023,The Williams Companies Inc,0000107263,name,2,877575.0,438787.5
EF-2016-8260,2016,Houston Refining LP,0001489393,subsidiary,1,434500.0,434500.0
05-2017-5012,2016,STEEL DYNAMICS,0001022671,name,1,432554.0,432554.0
06-2025-3303,2025,EOG Resources Inc,0000821189,name,1,412500.0,412500.0
06-2017-3329,2017,Rohm and Haas Texas Incorporated,0001751788,subsidiary,1,400000.0,400000.0
09-2018-1517,2021,Parker Hannifin Corporation,0000076334,name,1,390000.0,390000.0
05-2017-5033,2017,FORD MOTOR COMPANY,0000037996,name,1,389000.0,389000.0
EF-2010-0006,2016,"Tractor Supply Company, Inc.",0000916365,name,2,775000.0,387500.0
10-2024-0232,2024,PARKER HANNIFIN,0000076334,name,1,366000.0,366000.0
01-2018-2020,2018,Bath Iron Works,0000040533,subsidiary,1,355000.0,355000.0
05-2017-9930,2022,"Summit, Inc.",0000823768,subsidiary,1,350954.27,350954.27
06-2020-0303,2020,"Walmart, Inc.",0000104169,name,1,350000.0,350000.0
06-2023-3303,2023,International Paper Company,0000051434,name,1,344250.0,344250.0
HQ-2023-5008,2023,Ultium Cells LLC,0001467858,subsidiary,2,654150.0,327075.0
05-2021-5002,2022,EQUISTAR CHEMICALS,0001489393,subsidiary,1,324000.0,324000.0
03-2025-0062,2025,NORFOLK SOUTHERN RAILWAY COMPANY,0000702165,subsidiary,1,299000.0,299000.0
HQ-2025-0002,2025,Phillips 66 Company,0001534701,name,1,292595.0,292595.0
06-2022-0937,2022,"Home Depot U.S.A, Inc",0000354950,subsidiary,1,285363.43,285363.43
05-2016-0040,2016,GOJO INDUSTRIES,0000021076,subsidiary,1,282000.0,282000.0
06-2021-3357,2021,EQUISTAR CHEMICALS LP,0001489393,subsidiary,1,275000.0,275000.0
06-2024-0936,2024,The Sherwin-Williams Company,0000089800,name,1,270000.0,270000.0
06-2024-3347,2024,"MARATHON OIL PERMIAN, LLC",0001163165,subsidiary,1,265000.0,265000.0
05-2014-9904,2016,"SUMMIT, INC.",0000823768,subsidiary,1,263375.0,263375.0
06-2018-3317,2019,Dow Chemical Company,0001751788,subsidiary,1,260349.0,260349.0
08-2018-0048,2018,Kinder Morgan,0001506307,name,1,250000.0,250000.0
03-2020-0024,2020,"SUPERIOR CONCRETE MATERIALS, INC.",0001396009,subsidiary,1,250000.0,250000.0
05-2016-5054,2019,FILMTEC,0001666700,subsidiary,1,250000.0,250000.0
06-2025-0967,2025,Norwegian Cruise Line Ltd,0001513761,name,1,250000.0,250000.0
04-2012-9017,2016,"CENTRAL FLORIDA PIPELINE, LLC",0001506307,subsidiary,2,492000.0,246000.0
06-2024-0504,2024,TARGA DOWNSTREAM LLC,0001389170,subsidiary,1,236000.0,236000.0
05-2024-5063,2024,MARATHON PETROLEUM COMPANY LP,0001510295,name,1,225715.0,225715.0
05-2015-5063,2018,MARKWEST ENERGY PARTNERS,0001510295,subsidiary,1,225000.0,225000.0
08-2019-0033,2019,Targa Resources,0001389170,name,1,220000.0,220000.0
06-2025-0925,2025,"Chemical Waste Management , Inc",0000823768,subsidiary,1,217333.0,217333.0
04-2024-4009,2025,THE SHERWIN WILLIAMS COMPANY,0000089800,name,1,213750.0,213750.0
04-2025-6001,2024,ALBEMARLE CORPORATION,0000915913,name,1,212480.0,212480.0
04-2023-0702,2023,"PENTAIR AQUATIC ECO-SYSTEMS, INC",0000077360,subsidiary,1,206600.0,206600.0
04-2014-9006,2024,"D.R. HORTON, INC.",0000882184,name,2,400000.0,200000.0
06-2021-3361,2021,DIAMONDBACK E&P LLC,0001539838,subsidiary,1,197691.99,197691.99
06-2024-3329,2025,The Sherwin-Williams Company,0000089800,name,1,195686.99,195686.99
10-2025-0185,2025,BNSF RAILWAY COMPANY,0001067983,subsidiary,1,191000.0,191000.0
06-2017-0941,2017,"Alere Toxicology Services, Inc.",0000001800,subsidiary,1,186225.6,186225.6
06-2017-3343,2017,Valero Energy Corp,0001035002,name,1,182000.0,182000.0
10-2021-0203,2021,"ECOLAB, INC",0000031462,name,1,180000.0,180000.0
08-2015-0139,2018,KINDER MORGAN INC,0001506307,name,1,179099.0,179099.0
05-2018-5017,2018,LEICA BIOSYSTEMS RICHMOND,0000313616,subsidiary,1,174856.0,174856.0
04-2003-9001,2016,LOCKHEED MARTIN CORPORATION,0000936468,name,6,1000000.0,166666.66666666666
06-2024-3352,2024,Chevron U.S.A. Inc,0000093410,subsidiary,1,165000.0,165000.0
05-2019-5046,2019,AVERY DENNISON,0000008818,name,1,160000.0,160000.0
05-2024-5078,2024,SHERWIN-WILLIAMS COMPANY,0000089800,name,1,154000.0,154000.0
05-2016-7353,2016,"PDC Energy, Inc.",0000093410,subsidiary,1,151187.0,151187.0
01-2022-1032,2022,Barber Foods LLC,0000100493,subsidiary,1,151000.0,151000.0
07-2025-0221,2025,"Tyson Fresh Meats, Inc.",0000100493,subsidiary,1,150668.0,150668.0
01-2022-1031,2022,Barber Foods LLC,0000100493,subsidiary,1,149000.0,149000.0
09-2022-7083,2022,"Transchem, Inc",0000029905,subsidiary,1,147617.0,147617.0
09-2019-0072,2019,The Coca-Cola Company,0000021344,name,1,145000.0,145000.0
04-2022-2107,2022,THE SHERWIN-WILLIAMS CO.,0000089800,name,1,145000.0,145000.0
05-2019-7523,2019,"GENERAL MILLS, INC.",0000040704,name,1,143070.0,143070.0
06-2023-0567,2023,Tulsa Winch Inc.,0000029905,subsidiary,1,143000.0,143000.0
10-2021-0193,2021,ON SEMICONDUCTOR,0001097864,name,1,143000.0,143000.0
06-2023-0901,2022,"Lowe's Home Centers, LLC",0000060667,subsidiary,1,141729.75,141729.75
01-2017-2017,2017,P.J. Keating Company,0000849395,subsidiary,1,140000.0,140000.0
03-2016-0124,2016,"WILLIAMS OHIO VALLEY MIDSTREAM, LLC",0000107263,subsidiary,1,140000.0,140000.0
04-2024-4200,2024,ALABAMA POWER COMPANY,0000092122,subsidiary,2,278000.0,139000.0
09-2021-5053,2021,"Chevron, U.S.A.",0000093410,subsidiary,1,132676.0,132676.0
09-2026-5006,2025,Apple Inc,0000320193,name,2,261283.0,130641.5
05-2022-7573,2021,GENERAL MILLS,0000040704,name,1,123072.0,123072.0
07-2022-0058,2022,"Pilot Travel Centers, LLC",0001067983,subsidiary,1,121469.0,121469.0
06-2023-3347,2023,Targa Downstream LLC,0001389170,subsidiary,1,121364.0,121364.0
06-2025-3355,2025,The Dow Chemical Company,0001751788,subsidiary,1,120000.0,120000.0
04-2020-2111,2021,"FORT WALTON BEACH MEDICAL CENTER, INC",0000860730,subsidiary,1,118400.0,118400.0
02-2023-1210,2023,"Medtronic Puerto Rico, Inc.",0001613103,subsidiary,1,117998.0,117998.0
09-2023-5042,2023,"NRC Environmental Services, Inc",0001060391,subsidiary,2,230000.0,115000.0
06-2019-3330,2019,Union Carbide Corporation,0001751788,subsidiary,1,114313.0,114313.0
02-2024-2009,2024,Oxy Vinyls LP,0000797468,subsidiary,1,113182.0,113182.0
03-2016-7002,2023,"WILLIAMS OHIO VALLEY MIDSTREAM, LLC",0000107263,subsidiary,9,1014750.0,112750.0
06-2025-3311,2025,"Magellan Pipeline Terminals, L.P.",0001039684,subsidiary,1,112000.0,112000.0
05-2017-5002,2016,MARATHON PETROLEUM,0001510295,name,1,110000.0,110000.0
03-2023-0141,2023,"SPS TECHNOLOGIES, LLC",0001067983,subsidiary,1,109805.0,109805.0
04-2022-0700,2022,"CORTEVA AGRISCIENCE, LLC",0001755672,subsidiary,1,109400.0,109400.0
06-2017-3349,2016,Tyson Foods,0000100493,name,1,106894.0,106894.0
06-2021-3349,2021,DISCOVERY PRODUCER SERVICES LLC,0000107263,subsidiary,1,105302.0,105302.0
01-2021-5000,2020,Fairchild Semiconductor Corporation,0001097864,subsidiary,1,104545.0,104545.0
10-2021-0056,2021,Riverbend Landfill Co,0000823768,subsidiary,1,104482.0,104482.0
09-2018-0501,2018,"Old Dominion Freight Line, Inc.",0000878927,name,1,100000.0,100000.0
10-2020-0133,2020,Starbucks Corporation,0000829224,name,1,100000.0,100000.0
06-2021-3338,2021,Occidental Chemical Corporation,0000797468,subsidiary,1,100000.0,100000.0
03-2020-0048,2020,"CUMMINS POWER GENERATION, INC",0000026172,subsidiary,1,94050.0,94050.0
06-2022-3317,2022,Diamond Green Diesel LLC,0001035002,subsidiary,1,93450.0,93450.0
04-2017-8006,2017,"MOSAIC CROP NUTRITION, LLC",0001285785,subsidiary,1,92400.0,92400.0
09-2021-5058,2021,"Analog Devices, Inc",0000006281,name,1,91479.0,91479.0
05-2024-7840,2024,"BUNGE NORTH AMERICA, INC.",0001996862,subsidiary,1,91418.0,91418.0
06-2019-0934,2019,"Chevron U.S.A, INC",0000093410,subsidiary,1,87500.0,87500.0
05-2024-5026,2024,CENTERPOINT ENERGY,0001130310,name,1,81500.0,81500.0
03-2021-0071,2021,UNION CARBIDE CORPORATION,0001751788,subsidiary,1,79000.0,79000.0
04-2022-0404,2023,Norfolk Southern Railway Company,0000702165,subsidiary,1,77640.0,77640.0
04-2025-0307,2025,"SYSCO NASHVILLE, LLC",0000096021,subsidiary,1,77278.0,77278.0
10-2020-0112,2020,Hytek Finishes,0001260221,subsidiary,1,75000.0,75000.0
04-2019-4001,2019,"PATHEON API MANUFACTURING, INC.",0000097745,subsidiary,1,72600.0,72600.0
06-2024-3364,2024,Diamondback E&P LLC,0001539838,subsidiary,1,72000.0,72000.0
02-2024-7101,2024,"AES Puerto Rico, L.P",0000874761,subsidiary,1,71845.0,71845.0
04-2015-2042,2016,"WESTROCK MILL COMPANY, LLC",0002005951,subsidiary,1,70455.0,70455.0
06-2017-3302,2016,Mosaic Fertilizer LLC,0001285785,subsidiary,1,70000.0,70000.0
04-2024-6201,2024,"CHEMICAL WASTE MANAGEMENT, INC",0000823768,subsidiary,1,68699.0,68699.0
05-2023-7805,2023,GENERAL MILLS OPERATIONS,0000040704,subsidiary,1,68090.0,68090.0
04-2020-0306,2020,"VULCAN CONSTRUCTION MATERIALS, LLC",0001396009,subsidiary,1,68000.0,68000.0
04-2016-1501,2016,"AIR PRODUCTS AND CHEMICALS, INC.",0000002969,name,1,67000.0,67000.0
04-2019-9008,2023,"MID-CONTINENT FRACTIONATION AND STORAGE, LLC",0000107263,subsidiary,9,596475.0,66275.0
04-2019-2009,2019,"HUBBELL LENOIR CITY, INC.",0000048898,subsidiary,1,65361.0,65361.0
05-2025-0307,2024,Caterpillar Inc.,0000018230,name,1,64044.3,64044.3
03-2022-0032,2022,"SUPERIOR CONCRETE MATERIALS, INC.",0001396009,subsidiary,1,64000.0,64000.0
10-2024-0104,2024,PARKER HANNIFIN,0000076334,name,1,63984.0,63984.0
03-2018-0156,2018,"TYSON POULTRY, INC.",0000100493,subsidiary,1,63000.0,63000.0
06-2019-3356,2019,International Paper Company,0000051434,name,1,62000.0,62000.0
06-2020-3324,2020,Baton Rouge Fractionators LLC,0000107263,subsidiary,3,185705.0,61901.666666666664
03-2023-0119,2023,"TASTEPOINT, INC.",0000051253,subsidiary,1,61840.0,61840.0
01-2018-2014,2018,Electric Boat,0000040533,subsidiary,1,60000.0,60000.0
03-2016-0088,2016,"PPG INDUSTRIES, INC",0000079879,name,1,59000.0,59000.0
06-2021-0921,2021,Targa Downstream LLC,0001389170,subsidiary,1,56476.0,56476.0
02-2017-9106,2017,Cycle Chem Inc.,0001060391,subsidiary,1,56250.0,56250.0
02-2017-9102,2017,Cycle Chem Inc.,0001060391,subsidiary,1,56250.0,56250.0
09-2023-0054,2023,"Ross Stores, Inc",0000745732,name,1,55000.0,55000.0
03-2017-0120,2017,POTOMAC ELECTRIC POWER COMPANY,0001109357,subsidiary,1,54000.0,54000.0
04-2022-3204,2023,GEORGIA POWER COMPANY,0000092122,subsidiary,1,52300.0,52300.0
03-2020-0047,2019,"SYSCO EASTERN MARYLAND, LLC",0000096021,subsidiary,1,52170.0,52170.0
04-2021-2404,2023,"WALMART, INC.",0000104169,name,1,51856.0,51856.0
06-2022-3323,2022,"Targa Midstream Services, LLC",0001389170,subsidiary,1,50220.0,50220.0
02-2020-7101,2020,Honeywell International Inc.,0000773840,name,1,50000.0,50000.0
06-2018-3316,2018,Premcor Refining,0001035002,subsidiary,1,50000.0,50000.0
02-2023-7106,2023,United Parcel Service,0001090727,name,1,50000.0,50000.0
04-2023-0724,2024,"WALMART, INC",0000104169,name,1,49500.0,49500.0
05-2020-4700,2020,Kraft Heinz,0001637459,name,1,48825.0,48825.0
01-2023-1024,2023,"CB Manufacturing Company, Inc.",0000077476,subsidiary,2,96852.0,48426.0
HQ-2020-5012,2020,Danaher Corporation,0000313616,name,1,48215.0,48215.0
02-2024-3353,2024,United Parcel Service,0001090727,name,1,48000.0,48000.0
04-2023-2111,2023,THE SHERWIN-WILLIAMS COMPANY,0000089800,name,1,47500.0,47500.0
06-2020-3329,2020,Tyson Poultry Inc.,0000100493,subsidiary,1,47357.0,47357.0
06-2021-3311,2021,"Valero Refining-Meraux, LLC",0001035002,subsidiary,1,47357.0,47357.0
01-2016-7009,2016,EVERSOURCE ENERGY,0000072741,name,1,47000.0,47000.0
HQ-2024-5012,2025,Pacific Gas and Electric Company,0001004980,subsidiary,1,45273.0,45273.0
02-2019-4202,2019,"Arconic, Inc.",0000004281,name,1,45000.0,45000.0
04-2018-4008,2018,OCCIDENTAL CHEMICAL CORPORATION,0000797468,subsidiary,1,42500.0,42500.0
EF-2017-8367,2017,Marathon Petroleum Company LP,0001510295,name,1,42165.0,42165.0
04-2022-0212,2022,"MCLANE FOODSERVICE, INC",0001067983,subsidiary,1,42037.0,42037.0
06-2018-3335,2018,Phillips 66 Co.,0001534701,name,1,41000.0,41000.0
07-2025-0208,2025,Textron Aviation Inc.,0000217346,subsidiary,1,40514.0,40514.0
05-2025-0300,2024,DTE Electric,0000936340,subsidiary,1,40489.65,40489.65
06-2021-3323,2021,General Mills Operations LLC,0000040704,subsidiary,1,40000.0,40000.0
06-2021-3371,2021,"Valero Refining-Texas, L.P.",0001035002,subsidiary,1,40000.0,40000.0
10-2016-0038,2016,Waste Management of Washington Inc,0000823768,subsidiary,1,39600.0,39600.0
08-2019-0001,2018,Kinder Morgan,0001506307,name,1,39300.0,39300.0
09-2016-5007,2016,Southern California Edison,0000827052,subsidiary,1,39127.0,39127.0
03-2019-0119,2019,WHITFORD CORPORATION,0000079879,subsidiary,1,39000.0,39000.0
06-2021-3302,2020,Dow Chemical Company,0001751788,subsidiary,1,38500.0,38500.0
06-2020-3352,2020,"Air Products and Chemicals, Inc.",0000002969,name,1,38000.0,38000.0
06-2020-3335,2020,Honeywell International,0000773840,name,1,37886.0,37886.0
06-2016-3420,2016,"Equistar Chemicals, LP",0001489393,subsidiary,1,37500.0,37500.0
06-2022-3374,2022,Union Carbide Corporation,0001751788,subsidiary,1,36250.0,36250.0
07-2019-0229,2023,WILLIAMS COMPANIES INC,0000107263,name,9,311850.0,34650.0
10-2021-0204,2021,"EcoLab, Inc.",0000031462,name,1,34407.0,34407.0
05-2018-7444,2017,Pharmacia and Upjohn Company LLC,0000078003,subsidiary,1,34170.0,34170.0
06-2018-0913,2018,Tractor Supply Company,0000916365,name,1,33900.0,33900.0
06-2018-0502,2018,W & W AFCO Steel,0001067983,subsidiary,1,32765.0,32765.0
09-2023-5007,2022,Keysight Technologies,0001601046,name,1,32000.0,32000.0
04-2023-2101,2023,"BECKMAN COULTER, INC.",0000313616,subsidiary,1,31766.0,31766.0
04-2021-0205,2021,"WAL-MART STORES, INC",0000104169,name,1,31151.0,31151.0
09-2019-0029,2019,"Tesla, Inc.",0001318605,name,1,31000.0,31000.0
04-2024-4003,2024,"JANSSEN PHARMACEUTICALS, INC.",0000200406,subsidiary,1,30400.0,30400.0
07-2017-0071,2017,"RELCO LOCOMOTIVES, INC",0000943452,subsidiary,1,30000.0,30000.0
02-2023-9101,2022,PSEG Power LLC,0000788784,subsidiary,1,28988.0,28988.0
HQ-2015-8001,2016,"Comcast Cable Communications, LLC",0001166691,subsidiary,1,28782.0,28782.0
04-2015-8008,2016,KROGER LIMITED PARTNERSHIP II,0000056873,subsidiary,2,57400.0,28700.0
07-2018-0207,2018,WASTE MANAGEMENT OF NEBRASKA,0000823768,subsidiary,1,27500.0,27500.0
04-2021-0716,2021,ECOLAB INC,0000031462,name,1,27100.0,27100.0
02-2018-2004,2018,Corning Incorporated,0000024741,name,1,26500.0,26500.0
02-2020-9101,2020,Cycle Chem Incorporated,0001060391,subsidiary,1,25970.0,25970.0
03-2024-0049,2024,"LEACHGARNER, INC.",0001067983,subsidiary,1,25612.0,25612.0
04-2023-3007,2023,"AUTOZONE PARTS, INC",0000866787,subsidiary,1,25200.0,25200.0
04-2018-4003,2018,"ECOFLO, INC.",0001060391,subsidiary,1,25200.0,25200.0
03-2009-7004,2019,OCCIDENTAL CHEMICAL CORPORATION,0000797468,subsidiary,27,676000.0,25037.037037037036
03-2009-7004,2019,UNION CARBIDE CORPORATION,0001751788,subsidiary,27,676000.0,25037.037037037036
03-2009-7004,2019,NEWS CORPORATION AUSTRALIA LIMITED,0001564708,subsidiary,27,676000.0,25037.037037037036
03-2009-7004,2019,"HONEYWELL INTERNATIONAL, INC",0000773840,name,27,676000.0,25037.037037037036
05-2019-5037,2019,EQUISTAR CHEMICALS,0001489393,subsidiary,1,25000.0,25000.0
09-2020-0619,2020,"FL Transportation, Inc.",0000077476,subsidiary,1,24375.0,24375.0
07-2017-0049,2017,UNION PACIFIC RAILROAD COMPANY,0000100885,subsidiary,1,24000.0,24000.0
06-2023-4805,2023,Valero Energy Corporation,0001035002,name,2,47100.0,23550.0
08-2017-0003,2016,Noble Energy Inc,0000093410,subsidiary,1,23136.0,23136.0
03-2025-0100,2025,BECTON DICKINSON AND COMPANY,0000010795,name,1,23091.0,23091.0
05-2021-9906,2021,"Home Depot U.S.A., Inc.",0000354950,subsidiary,1,22944.0,22944.0
06-2016-0952,2016,"The Ritz-Carlton Hotel Company, L.L.C.",0001048286,subsidiary,1,22660.0,22660.0
06-2017-3342,2017,Discovery Producer Services LLC,0000107263,subsidiary,1,22491.0,22491.0
01-2020-7001,2020,BATH IRON WORKS CORPORATION,0000040533,subsidiary,1,22479.0,22479.0
06-2023-4806,2023,"Valero Refining ï¿½ Meraux, LLC",0001035002,subsidiary,2,42300.0,21150.0
04-2016-4505,2016,"STANDARD PACIFIC OF FLORIDA GP, INC.",0000920760,subsidiary,2,42023.0,21011.5
03-2017-0174,2017,"ENLINK MIDSTREAM OPERATING, LP",0001039684,subsidiary,2,40741.0,20370.5
05-2017-9905,2017,"TEXTRON AVIATION,INC.",0000217346,subsidiary,1,20175.0,20175.0
10-2024-0045,2024,WALMART,0000104169,name,1,20000.0,20000.0
06-2023-0944,2023,US Ecology Tulsa,0001060391,subsidiary,1,20000.0,20000.0
03-2017-0109,2017,"SUPERIOR CONCRETE MATERIALS, INC.",0001396009,subsidiary,1,20000.0,20000.0
10-2025-0110,2025,HONEYWELL,0000773840,subsidiary,1,20000.0,20000.0
10-2025-0068,2025,WALMART,0000104169,name,1,20000.0,20000.0
07-2021-0047,2021,"O'Reilly Automotive, Inc.",0000898173,name,1,19793.0,19793.0
06-2022-0929,2022,International Paper Company,0000051434,name,1,19727.2,19727.2
10-2016-0103,2016,MicroConnex,0000820313,subsidiary,1,19145.0,19145.0
04-2019-8005,2019,"TYSON FRESH MEATS, INC.",0000100493,subsidiary,1,18195.0,18195.0
06-2023-0939,2023,Lyondell Chemical company,0001489393,subsidiary,1,17500.0,17500.0
07-2024-0113,2024,"Walmart, Inc.",0000104169,name,1,17078.0,17078.0
06-2019-0941,2019,Laboratory Corporation of America,0000920148,name,1,16995.0,16995.0
02-2023-3352,2022,Bellagio LLC,0000789570,subsidiary,1,16680.0,16680.0
04-2019-2900,2019,ALABAMA POWER,0000092122,subsidiary,1,16268.0,16268.0
02-2025-7201,2025,Patheon Puerto Rico Inc.,0000097745,subsidiary,1,16250.0,16250.0
06-2018-4808,2018,The Lubrizol Corporation,0001067983,subsidiary,2,32343.0,16171.5
09-2023-5076,2023,"Integrated DNA Technologies, Inc",0000313616,subsidiary,1,15890.0,15890.0
04-2016-4520,2016,"STANDARD PACIFIC OF FLORIDA GP, INC.",0000920760,subsidiary,2,31035.0,15517.5
04-2016-4511,2016,"STANDARD PACIFIC OF FLORIDA GP, INC.",0000920760,subsidiary,2,30634.0,15317.0
03-2016-0045,2016,"WILLIAMS OHIO VALLEY MIDSTREAM, LLC",0000107263,subsidiary,1,14440.0,14440.0
06-2020-0978,2020,Lockheed Martin Corporation,0000936468,name,1,14000.0,14000.0
04-2016-4508,2016,"STANDARD PACIFIC OF FLORIDA, GP, INC.",0000920760,subsidiary,2,27560.0,13780.0
04-2015-2034,2016,"BOTTLING GROUP, LLC",0000077476,subsidiary,1,13405.0,13405.0
10-2024-0017,2024,"Ennis-Flint, Inc.",0000079879,subsidiary,1,12750.0,12750.0
05-2022-7589,2022,"JENNIE-O TURKEY STORE, INC.",0000048465,subsidiary,1,12720.0,12720.0
03-2025-0099,2025,BECTON DICKINSON AND COMPANY,0000010795,name,1,12612.0,12612.0
05-2016-7385,2016,"Cincinnati Renewable Fuels, LLC",0001510295,subsidiary,1,12500.0,12500.0
06-2023-0955,2023,Ash Grove Cement Company,0000849395,subsidiary,1,12500.0,12500.0
10-2022-0191,2022,"Microchip Technology, Inc.",0000827054,name,1,12500.0,12500.0
03-2022-0035,2022,THE SHERWIN WILLIAMS CO.,0000089800,name,1,12500.0,12500.0
04-2016-2015,2016,"MONDELEZ GLOBAL, LLC",0001103982,subsidiary,1,12480.0,12480.0
04-2016-4516,2016,"STANDARD PACIFIC OF TAMPA GP, INC.",0000920760,subsidiary,2,24850.0,12425.0
07-2023-0094,2023,"Waste Management of Nebraska, Inc.",0000823768,subsidiary,1,12078.0,12078.0
05-2023-7794,2023,HORMEL FOODS,0000048465,name,1,11846.0,11846.0
01-2024-1009,2024,"Clean Venture, Inc.",0001060391,subsidiary,1,11663.0,11663.0
05-2022-9901,2021,PPG Industries,0000079879,name,1,11472.0,11472.0
04-2016-2002,2016,SYMETRICS INDUSTRIES LLC,0001260221,subsidiary,1,10780.0,10780.0
08-2019-0060,2019,DePuy Synthes,0000200406,subsidiary,1,10750.0,10750.0
07-2022-0126,2022,"Corteva Agriscience, LLC",0001755672,subsidiary,1,10747.46,10747.46
04-2016-4507,2016,"STANDARD PACIFIC OF FLORIDA GP, INC.",0000920760,subsidiary,2,20000.0,10000.0
04-2016-4528,2016,"STANDARD PACIFIC OF FLORIDA GP, INC.",0000920760,subsidiary,2,19955.0,9977.5
10-2023-0152,2023,Pulte Homes of Washington LLC,0000822416,subsidiary,1,9220.0,9220.0
03-2024-0096,2024,APPALACHIAN POWER COMPANY,0000004904,subsidiary,1,9187.0,9187.0
02-2020-7707,2021,"Telx-Clifton, LLC",0001297996,subsidiary,1,9060.0,9060.0
04-2017-2000,2016,OCCIDENTAL CHEMICAL CORPORATION,0000797468,subsidiary,1,8629.0,8629.0
06-2021-4803,2021,Federal Express Corporation,0001048911,subsidiary,2,17200.0,8600.0
01-2016-7007,2016,GENERAL DYNAMICS - OTS INC,0000040533,subsidiary,1,8500.0,8500.0
04-2017-4502,2017,"LENNAR HOMES, LLC",0000920760,subsidiary,2,17000.0,8500.0
04-2017-4501,2017,CONCORD STATION,0000920760,subsidiary,2,17000.0,8500.0
06-2022-0504,2022,Frito-Lay Inc.,0000077476,subsidiary,1,8488.0,8488.0
04-2016-4527,2016,"STANDARD PACIFIC OF TAMPA GP, INC.",0000920760,subsidiary,2,16306.0,8153.0
05-2024-5037,2024,PHARMACIA & UPJOHN CO LLC,0000078003,subsidiary,1,8100.0,8100.0
06-2020-4801,2019,Dow Chemical Company,0001751788,subsidiary,2,16000.0,8000.0
02-2025-3317,2025,Kraft Heinz,0001637459,name,1,7969.0,7969.0
04-2023-0603,2023,Virginia Electric and Power Company,0000715957,subsidiary,1,7738.0,7738.0
06-2026-0991,2025,CUMMINS NATURAL GAS ENGINES,0000026172,subsidiary,1,7500.0,7500.0
06-2025-0981,2025,Skippy Foods LLC,0000048465,subsidiary,1,7500.0,7500.0
03-2019-8397,2018,"North American Industrial Services, Inc.",0001050915,subsidiary,1,7300.0,7300.0
06-2021-0942,2021,Luminant Generation Company LLC,0001692819,subsidiary,1,7060.0,7060.0
05-2020-9920,2020,Bell Laboratories Inc.,0001067983,subsidiary,1,7000.0,7000.0
04-2021-3205,2021,"ECOFLO, INC",0001060391,subsidiary,1,7000.0,7000.0
04-2015-8002,2016,"NEXAIR PRODUCTION, LLC",0001707925,subsidiary,1,6900.0,6900.0
07-2022-0077,2022,Amcor Flexibles North America Inc.,0001748790,subsidiary,1,6875.0,6875.0
02-2018-4203,2018,"Vulcraft of New York, Inc.",0000073309,subsidiary,1,6850.0,6850.0
07-2025-0021,2025,Corteva Agriscience LLC,0001755672,subsidiary,1,6832.0,6832.0
02-2024-1206,2023,"Sysco Long Island, LLC",0000096021,subsidiary,1,6600.0,6600.0
06-2024-4802,2024,"Entergy Louisiana, LLC",0000065984,subsidiary,2,13000.0,6500.0
04-2017-4503,2017,"LENNAR HOMES,LLC",0000920760,subsidiary,2,13000.0,6500.0
04-2017-2015,2017,"CATLETTSBURG REFINING, LLC",0001510295,subsidiary,1,6320.0,6320.0
03-2023-0098,2023,MERCK SHARP & DOHME CORP.,0000310158,subsidiary,1,6250.0,6250.0
03-2023-0033,2023,"WALMART, INC.",0000104169,name,1,6250.0,6250.0
06-2016-0312,2016,C.H. Robinson International Inc.,0001043277,subsidiary,1,6200.0,6200.0
04-2018-8004,2018,"SYSCO CHARLOTTE, LLC",0000096021,subsidiary,1,6100.0,6100.0
07-2024-0071,2024,Archer-Daniels-Midland Company,0000007084,name,1,5900.0,5900.0
04-2016-2000,2016,"STEEL DYNAMICS COLUMBUS, LLC",0001022671,subsidiary,1,5785.0,5785.0
08-2020-0133,2020,"PDC ENERGY, INC.",0000093410,subsidiary,1,5700.0,5700.0
08-2020-0139,2020,"PDC ENERGY, INC.",0000093410,subsidiary,1,5700.0,5700.0
07-2024-0060,2024,Occidental Chemical Corporation,0000797468,subsidiary,1,5200.0,5200.0
07-2019-0047,2019,TYSON PREPARED FOODS INC,0000100493,subsidiary,1,5100.0,5100.0
10-2022-0232,2022,Schlumberger,0000087347,name,1,5000.0,5000.0
03-2025-0072,2025,UNIVATION TECHNOLOGIES LLC -,0001751788,subsidiary,1,5000.0,5000.0
03-2024-0022,2023,AGILENT TECHNOLOGIES,0001090872,name,1,5000.0,5000.0
01-2024-1012,2024,The Gillette Company,0000080424,subsidiary,1,5000.0,5000.0
10-2022-0218,2022,Weyerhaeuser Company,0000106535,name,1,5000.0,5000.0
04-2022-0402,2022,"CATLETTSBURG REFINING, LLC",0001510295,subsidiary,1,5000.0,5000.0
04-2016-2902,2016,ALABAMA POWER,0000092122,subsidiary,1,4819.0,4819.0
02-2025-1208,2025,"Baxter Healthcare of Puerto Rico, LLC",0000010456,subsidiary,1,4700.0,4700.0
07-2017-0040,2016,"EQUISTAR CHEMICALS, LP",0001489393,subsidiary,1,4600.0,4600.0
04-2025-4100,2025,COSTCO WHOLESALE CORPORATION,0000909832,name,1,4539.0,4539.0
04-2016-5001,2016,NORFOLK SOUTHERN RAILWAY CORPORATION,0000702165,subsidiary,1,4500.0,4500.0
04-2016-5004,2016,"NORFOLK SOUTHERN RAILWAY COMPANY,  INC.",0000702165,subsidiary,1,4500.0,4500.0
04-2016-4526,2016,"STANDARD PACIFIC OF FLORIDA GP, INC.",0000920760,subsidiary,2,8427.0,4213.5
04-2015-8011,2016,THE J.M. SMUCKER COMPANY,0000091419,name,1,4200.0,4200.0
10-2016-0004,2016,"ConocoPhillips Alaska, Inc.",0001163165,subsidiary,1,4000.0,4000.0
10-2023-0122,2023,"Lennar Northwest, LLC",0000920760,subsidiary,1,3900.0,3900.0
03-2018-0109,2018,ALBEMARLE CORPORATION,0000915913,name,1,3838.0,3838.0
07-2019-0038,2018,SYSCO ST LOUIS LLC,0000096021,subsidiary,1,3800.0,3800.0
06-2024-0902,2023,CECOS International Inc.,0001060391,subsidiary,1,3750.0,3750.0
07-2022-0131,2022,Amazon.com Services LLC,0001018724,subsidiary,1,3750.0,3750.0
06-2020-4311,2020,"Houston Refining, LP",0001489393,subsidiary,1,3150.0,3150.0
04-2023-0206,2023,"GENERAL MILLS OPERATIONS, LLC",0000040704,subsidiary,1,2930.0,2930.0
03-2018-0059,2018,"CALPINE BETHLEHEM, LLC",0001868275,subsidiary,1,2700.0,2700.0
06-2020-3309,2020,Rohm & Haas Texas Inc.,0001751788,subsidiary,1,2700.0,2700.0
06-2024-0982,2024,Nalco Production,0000031462,subsidiary,1,2500.0,2500.0
06-2020-3308,2020,Lyondell Chemical Company,0001489393,subsidiary,1,2500.0,2500.0
06-2019-3361,2019,DCP Midstream LP,0001534701,subsidiary,1,2500.0,2500.0
04-2015-8005,2016,"TYSON CHICKEN, INC.",0000100493,subsidiary,1,2400.0,2400.0
04-2021-0405,2022,"FRITO LAY, INC.",0000077476,subsidiary,1,2313.0,2313.0
02-2019-3301,2018,"Regeneron Pharmaceuticals, Inc.",0000872589,name,1,2200.0,2200.0
06-2020-3420,2021,DCP Midstream,0001534701,subsidiary,1,2000.0,2000.0
10-2021-0181,2021,COSTCO WHOLESALE CORPORATION,0000909832,name,1,2000.0,2000.0
06-2024-3353,2024,McLane Foodservice,0001067983,subsidiary,1,2000.0,2000.0
05-2025-5001,2024,MILLER ELECTRIC MFG,0000049826,subsidiary,1,2000.0,2000.0
10-2019-0023,2018,"Sysco Portland, Inc.",0000096021,subsidiary,1,2000.0,2000.0
02-2022-7920,2022,Target,0000027419,name,2,3783.0,1891.5
07-2016-0296,2016,AIR PRODUCTS MANUFACTURING CORPORATION,0000002969,subsidiary,1,1800.0,1800.0
03-2019-0089,2019,INTERNATIONAL PAPER COMPANY,0000051434,name,1,1800.0,1800.0
06-2021-3370,2021,Texas Instruments Inc.,0000097476,name,1,1800.0,1800.0
10-2022-0183,2022,"Riverside, Inc.",0000860730,subsidiary,1,1750.0,1750.0
04-2022-0401,2022,"CATLETTSBURG REFINING, LLC",0001510295,subsidiary,1,1650.0,1650.0
04-2024-0013,2024,"CENTRAL INDUSTRIES, INC",0000100493,subsidiary,1,1533.0,1533.0
04-2016-8003,2016,"WAL-MART STORES, INC.",0000104169,name,1,1500.0,1500.0
06-2023-3326,2023,KM Liquids Terminals LLC,0001506307,subsidiary,1,1500.0,1500.0
04-2016-2020,2016,LOCKHEED MARTIN,0000936468,name,1,1500.0,1500.0
03-2017-0080,2017,THE HERSHEY COMPANY,0000047111,name,1,1500.0,1500.0
06-2019-3511,2019,Enlink Midstream Operating LP,0001039684,subsidiary,1,1440.0,1440.0
10-2024-0034,2024,US ECOLOGY ALASKA LLC,0001060391,subsidiary,1,1250.0,1250.0
06-2020-3371,2020,Targa Resources Corporation,0001389170,name,1,1200.0,1200.0
06-2023-3325,2023,Albemarle Corporation,0000915913,name,1,1200.0,1200.0
03-2018-0005,2017,"WILLIAMS OHIO VALLEY MIDSTREAM, LLC",0000107263,subsidiary,1,1125.0,1125.0
09-2020-0038,2020,"Solar Turbines, Inc.",0000018230,subsidiary,1,969.0,969.0
02-2022-7910,2022,Waste Management,0000823768,name,2,1842.0,921.0
06-2020-3506,2020,Anadarko Petroleum Corporation,0000797468,subsidiary,1,600.0,600.0
06-2023-3341,2023,"Kinder Morgan Energy Partners, L.P.",0001506307,subsidiary,1,600.0,600.0
04-2017-2013,2017,"VALERO REFINING COMPANY-TENNESSEE, L.L.C.",0001035002,subsidiary,1,358.0,358.0
06-2021-4504,2021,DCP Midstream,0001534701,subsidiary,2,500.0,250.0
04-2016-9012,2016,"AEROJET ROCKETDYNE HOLDINGS, INC.",0000202058,subsidiary,172,40000.0,232.5581395348837
04-2016-9012,2016,HONEYWELL,0000773840,subsidiary,172,40000.0,232.5581395348837
04-2016-9012,2016,HUNTINGTON INGALLS INC.,0001501585,subsidiary,172,40000.0,232.5581395348837
04-2016-9012,2016,EATON CORPORATION,0001551182,name,172,40000.0,232.5581395348837
04-2016-9012,2016,THE HERSHEY COMPANY,0000047111,name,172,40000.0,232.5581395348837
04-2016-9012,2016,"ENTERGY ARKANSAS, INC.",0000065984,subsidiary,172,40000.0,232.5581395348837
04-2016-9012,2016,CORNING INC.,0000024741,name,172,40000.0,232.5581395348837
04-2016-9012,2016,VIRGINIA ELECTRIC & POWER COMPANY,0000715957,subsidiary,172,40000.0,232.5581395348837
04-2016-9012,2016,"MARTIN MARIETTA MATERIALS, INC.",0000916076,name,172,40000.0,232.5581395348837
04-2016-9012,2016,KINGSPORT POWER COMPANY,0000004904,subsidiary,172,40000.0,232.5581395348837
04-2016-9012,2016,MIDAMERICAN ENERGY COMPANY,0001067983,subsidiary,172,40000.0,232.5581395348837
04-2016-9012,2016,PHILLIPS 66 COMPANY,0001534701,name,172,40000.0,232.5581395348837
04-2016-9012,2016,WEYERHAEUSER COMPANY,0000106535,name,172,40000.0,232.5581395348837
04-2016-9012,2016,"TRANSCONTINENTAL GAS PIPE LINE COMPANY, LLC",0000107263,subsidiary,172,40000.0,232.5581395348837
04-2016-9012,2016,BALTIMORE GAS & ELECTRIC COMPANY,0001109357,subsidiary,172,40000.0,232.5581395348837
04-2016-9012,2016,"CATERPILLAR, INC.",0000018230,name,172,40000.0,232.5581395348837
04-2016-9012,2016,NUCOR CORPORATION,0000073309,name,172,40000.0,232.5581395348837
04-2016-9012,2016,OCCIDENTAL CHEMICAL CORP.,0000797468,subsidiary,172,40000.0,232.5581395348837
04-2016-9012,2016,NEW HAMPSHIRE INSURANCE COMPANY,0000005272,subsidiary,172,40000.0,232.5581395348837
04-2016-9012,2016,NORFOLK SOUTHERN RAILWAY CO.,0000702165,subsidiary,172,40000.0,232.5581395348837
04-2016-9012,2016,ALCOA INC.,0000004281,name,172,40000.0,232.5581395348837
04-2016-9012,2016,"AIR PRODUCTS AND CHEMICALS, INC.",0000002969,name,172,40000.0,232.5581395348837
04-2016-9012,2016,UNION CARBIDE CORP.,0001751788,subsidiary,172,40000.0,232.5581395348837
04-2016-9012,2016,INTERNATIONAL PAPER COMPANY,0000051434,name,172,40000.0,232.5581395348837
04-2016-9012,2016,KRAFT HEINZ FOODS COMPANY,0001637459,subsidiary,172,40000.0,232.5581395348837
04-2016-9012,2016,PARKER HANNIFIN CORP.,0000076334,name,172,40000.0,232.5581395348837
04-2016-9012,2016,ROANOKE ELECTRIC STEEL CORP.,0001022671,subsidiary,172,40000.0,232.5581395348837
04-2016-9012,2016,THE HILLSHIRE BRANDS COMPANY,0000100493,subsidiary,172,40000.0,232.5581395348837
